Tiempo,Cantidad
0,500
1,500
2,500
3,500
4,500
5,499
6,499
7,500
8,501
9,500
10,499
11,498
12,498
13,499
14,498
15,498
16,498
17,497
18,498
19,498
20,498
21,499
22,500
23,500
24,499
25,498
26,498
27,498
28,499
29,499
30,498
31,499
32,500
33,501
34,501
35,501
36,501
37,500
38,501
39,500
40,499
41,499
42,499
43,500
44,501
45,502
46,502
47,502
48,502
49,503
50,502
51,502
52,501
53,501
54,501
55,501
56,501
57,502
58,503
59,504
60,504
61,504
62,504
63,505
64,505
65,505
66,505
67,505
68,505
69,505
70,505
71,506
72,507
73,507
74,507
75,507
76,507
77,508
78,508
79,508
80,507
81,507
82,508
83,508
84,508
85,508
86,508
87,508
88,508
89,508
90,508
91,509
92,509
93,508
94,508
95,509
96,508
97,508
98,508
99,508
100,509
101,510
102,510
103,510
104,510
105,510
106,510
107,510
108,509
109,510
110,510
111,510
112,511
113,512
114,511
115,511
116,512
117,513
118,514
119,514
120,514
121,513
122,513
123,512
124,512
125,512
126,511
127,510
128,509
129,509
130,509
131,509
132,508
133,507
134,507
135,507
136,507
137,507
138,506
139,505
140,506
141,507
142,507
143,506
144,506
145,505
146,506
147,505
148,505
149,505
150,504
151,503
152,503
153,503
154,502
155,501
156,501
157,500
158,500
159,499
160,498
161,497
162,498
163,499
164,499
165,498
166,497
167,496
168,496
169,495
170,495
171,495
172,495
173,496
174,496
175,496
176,496
177,495
178,496
179,495
180,494
181,494
182,495
183,494
184,495
185,496
186,497
187,497
188,496
189,496
190,495
191,496
192,496
193,496
194,496
195,497
196,497
197,496
198,496
199,495
200,495
201,495
202,495
203,494
204,493
205,492
206,492
207,492
208,492
209,492
210,491
211,491
212,491
213,491
214,491
215,491
216,492
217,492
218,492
219,492
220,492
221,492
222,492
223,491
224,490
225,491
226,492
227,493
228,493
229,493
230,494
231,494
232,494
233,494
234,495
235,495
236,495
237,494
238,494
239,493
240,493
241,493
242,493
243,494
244,493
245,493
246,493
247,492
248,492
249,493
250,494
251,494
252,494
253,494
254,494
255,494
256,493
257,492
258,493
259,494
260,495
261,495
262,494
263,494
264,493
265,492
266,492
267,491
268,491
269,491
270,492
271,492
272,491
273,490
274,490
275,490
276,490
277,490
278,489
279,488
280,489
281,490
282,490
283,491
284,490
285,489
286,490
287,491
288,492
289,491
290,492
291,492
292,491
293,492
294,492
295,492
296,492
297,492
298,492
299,493
300,493
301,494
302,495
303,495
304,494
305,494
306,495
307,495
308,495
309,495
310,495
311,495
312,495
313,495
314,495
315,494
316,494
317,493
318,492
319,492
320,493
321,493
322,494
323,495
324,495
325,494
326,494
327,494
328,494
329,493
330,494
331,493
332,493
333,492
334,493
335,492
336,492
337,493
338,493
339,492
340,492
341,493
342,493
343,492
344,491
345,491
346,492
347,493
348,494
349,494
350,495
351,494
352,494
353,495
354,494
355,493
356,492
357,493
358,494
359,494
360,495
361,495
362,495
363,495
364,496
365,496
366,495
367,495
368,495
369,496
370,497
371,498
372,498
373,497
374,497
375,497
376,497
377,497
378,497
379,498
380,499
381,500
382,500
383,500
384,499
385,498
386,499
387,499
388,499
389,499
390,500
391,501
392,501
393,502
394,502
395,503
396,503
397,502
398,502
399,502
400,502
401,502
402,503
403,504
404,504
405,503
406,503
407,504
408,503
409,503
410,502
411,502
412,502
413,503
414,503
415,502
416,502
417,502
418,502
419,502
420,503
421,504
422,505
423,506
424,506
425,507
426,506
427,507
428,507
429,507
430,507
431,507
432,506
433,506
434,507
435,507
436,507
437,508
438,509
439,510
440,510
441,511
442,511
443,511
444,510
445,511
446,512
447,513
448,513
449,513
450,513
451,513
452,513
453,513
454,513
455,514
456,514
457,515
458,514
459,513
460,512
461,511
462,512
463,512
464,511
465,510
466,509
467,509
468,510
469,509
470,509
471,510
472,510
473,509
474,509
475,508
476,507
477,507
478,507
479,507
480,507
481,508
482,508
483,507
484,506
485,507
486,506
487,506
488,506
489,505
490,504
491,504
492,504
493,504
494,503
495,503
496,502
497,502
498,502
499,502
500,502
501,503
502,502
503,501
504,501
505,502
506,502
507,503
508,503
509,503
510,503
511,503
512,502
513,502
514,502
515,502
516,502
517,501
518,502
519,501
520,502
521,502
522,502
523,501
524,501
525,500
526,501
527,501
528,502
529,503
530,503
531,504
532,504
533,504
534,503
535,503
536,504
537,504
538,504
539,505
540,504
541,504
542,504
543,504
544,503
545,503
546,503
547,504
548,504
549,503
550,502
551,502
552,502
553,502
554,502
555,503
556,503
557,502
558,502
559,502
560,501
561,501
562,502
563,503
564,502
565,502
566,502
567,502
568,503
569,503
570,503
571,502
572,503
573,502
574,501
575,502
576,503
577,502
578,503
579,503
580,503
581,504
582,504
583,503
584,503
585,503
586,504
587,504
588,505
589,505
590,505
591,505
592,505
593,506
594,506
595,505
596,505
597,506
598,506
599,506
600,506
601,507
602,507
603,507
604,506
605,507
606,508
607,507
608,507
609,507
610,507
611,506
612,506
613,506
614,506
615,507
616,506
617,507
618,506
619,507
620,507
621,507
622,507
623,507
624,506
625,506
626,506
627,507
628,506
629,506
630,505
631,506
632,507
633,507
634,506
635,505
636,505
637,505
638,504
639,504
640,505
641,506
642,505
643,504
644,503
645,502
646,502
647,501
648,502
649,502
650,501
651,502
652,502
653,501
654,501
655,500
656,501
657,502
658,502
659,502
660,503
661,502
662,503
663,502
664,503
665,502
666,502
667,503
668,502
669,501
670,501
671,501
672,501
673,502
674,502
675,501
676,502
677,502
678,502
679,502
680,502
681,502
682,502
683,503
684,503
685,502
686,502
687,502
688,502
689,503
690,502
691,502
692,502
693,503
694,502
695,501
696,502
697,501
698,501
699,501
700,501
701,500
702,500
703,500
704,500
705,500
706,500
707,500
708,500
709,500
710,501
711,500
712,499
713,500
714,500
715,500
716,501
717,500
718,499
719,499
720,499
721,499
722,499
723,498
724,497
725,497
726,497
727,497
728,497
729,497
730,496
731,496
732,496
733,495
734,494
735,495
736,495
737,496
738,496
739,496
740,496
741,496
742,497
743,497
744,496
745,496
746,495
747,495
748,496
749,496
750,497
751,498
752,497
753,498
754,499
755,500
756,500
757,500
758,501
759,501
760,500
761,500
762,501
763,501
764,501
765,501
766,501
767,501
768,501
769,500
770,499
771,499
772,499
773,499
774,499
775,499
776,498
777,498
778,499
779,500
780,499
781,498
782,499
783,499
784,499
785,498
786,498
787,497
788,497
789,498
790,498
791,498
792,498
793,497
794,496
795,496
796,496
797,496
798,497
799,497
800,498
801,499
802,498
803,499
804,500
805,500
806,500
807,501
808,500
809,500
810,499
811,500
812,501
813,501
814,501
815,500
816,501
817,501
818,501
819,502
820,502
821,502
822,501
823,501
824,501
825,501
826,501
827,501
828,501
829,501
830,501
831,500
832,501
833,501
834,500
835,499
836,499
837,500
838,500
839,500
840,500
841,501
842,501
843,501
844,501
845,500
846,501
847,501
848,501
849,500
850,500
851,500
852,500
853,500
854,500
855,501
856,500
857,501
858,501
859,500
860,500
861,500
862,499
863,498
864,499
865,498
866,498
867,499
868,499
869,500
870,501
871,501
872,501
873,502
874,502
875,502
876,502
877,502
878,501
879,501
880,501
881,502
882,503
883,502
884,503
885,503
886,503
887,504
888,504
889,505
890,506
891,505
892,506
893,506
894,507
895,508
896,509
897,508
898,509
899,509
900,510
901,510
902,510
903,510
904,511
905,512
906,511
907,511
908,511
909,512
910,513
911,512
912,512
913,512
914,512
915,512
916,512
917,512
918,511
919,512
920,512
921,511
922,510
923,510
924,510
925,510
926,510
927,511
928,511
929,511
930,512
931,513
932,513
933,513
934,513
935,513
936,513
937,513
938,514
939,514
940,515
941,515
942,516
943,516
944,515
945,516
946,515
947,515
948,514
949,514
950,514
951,513
952,513
953,513
954,513
955,514
956,514
957,515
958,515
959,514
960,514
961,514
962,513
963,513
964,513
965,513
966,513
967,512
968,512
969,513
970,513
971,514
972,513
973,512
974,512
975,513
976,513
977,512
978,513
979,513
980,512
981,512
982,511
983,511
984,512
985,511
986,512
987,511
988,511
989,510
990,510
991,509
992,509
993,508
994,508
995,509
996,509
997,509
998,508
999,509
1000,510
1001,510
1002,509
1003,510
1004,511
1005,510
1006,509
1007,508
1008,509
1009,509
1010,509
1011,509
1012,509
1013,510
1014,509
1015,510
1016,509
1017,508
1018,508
1019,508
1020,508
1021,508
1022,508
1023,509
1024,508
1025,508
1026,508
1027,507
1028,507
1029,507
1030,508
1031,509
1032,509
1033,510
1034,509
1035,510
1036,510
1037,511
1038,510
1039,509
1040,510
1041,511
1042,511
1043,511
1044,512
1045,511
1046,511
1047,511
1048,511
1049,511
1050,510
1051,509
1052,508
1053,509
1054,509
1055,510
1056,511
1057,510
1058,509
1059,508
1060,509
1061,510
1062,511
1063,510
1064,510
1065,510
1066,510
1067,510
1068,511
1069,512
1070,512
1071,513
1072,514
1073,513
1074,512
1075,511
1076,511
1077,512
1078,513
1079,513
1080,514
1081,513
1082,512
1083,512
1084,513
1085,513
1086,514
1087,514
1088,513
1089,513
1090,512
1091,511
1092,511
1093,510
1094,510
1095,510
1096,510
1097,510
1098,510
1099,511
1100,510
1101,509
1102,510
1103,509
1104,509
1105,510
1106,511
1107,512
1108,511
1109,510
1110,510
1111,509
1112,508
1113,507
1114,507
1115,507
1116,506
1117,506
1118,507
1119,506
1120,507
1121,506
1122,506
1123,505
1124,505
1125,504
1126,504
1127,504
1128,504
1129,504
1130,505
1131,504
1132,505
1133,505
1134,505
1135,505
1136,506
1137,507
1138,507
1139,507
1140,507
1141,508
1142,508
1143,509
1144,510
1145,510
1146,509
1147,510
1148,510
1149,510
1150,509
1151,510
1152,511
1153,511
1154,510
1155,510
1156,511
1157,512
1158,512
1159,512
1160,513
1161,513
1162,512
1163,512
1164,512
1165,511
1166,511
1167,511
1168,512
1169,511
1170,512
1171,513
1172,514
1173,514
1174,514
1175,514
1176,513
1177,513
1178,512
1179,512
1180,512
1181,512
1182,511
1183,511
1184,511
1185,512
1186,513
1187,513
1188,514
1189,514
1190,513
1191,512
1192,513
1193,512
1194,512
1195,512
1196,512
1197,512
1198,511
1199,511
1200,511
1201,511
1202,511
1203,510
1204,509
1205,509
1206,509
1207,509
1208,508
1209,507
1210,507
1211,506
1212,507
1213,507
1214,507
1215,508
1216,507
1217,507
1218,508
1219,507
1220,507
1221,506
1222,505
1223,506
1224,505
1225,504
1226,504
1227,505
1228,505
1229,505
1230,505
1231,505
1232,505
1233,505
1234,505
1235,505
1236,505
1237,505
1238,504
1239,504
1240,505
1241,505
1242,504
1243,504
1244,503
1245,504
1246,504
1247,504
1248,504
1249,504
1250,504
1251,503
1252,502
1253,503
1254,503
1255,503
1256,504
1257,504
1258,504
1259,503
1260,503
1261,504
1262,504
1263,505
1264,504
1265,504
1266,504
1267,504
1268,504
1269,504
1270,504
1271,505
1272,505
1273,505
1274,506
1275,507
1276,508
1277,509
1278,509
1279,509
1280,510
1281,509
1282,510
1283,509
1284,508
1285,509
1286,509
1287,509
1288,508
1289,507
1290,508
1291,508
1292,508
1293,508
1294,507
1295,507
1296,508
1297,508
1298,507
1299,508
1300,508
1301,508
1302,508
1303,509
1304,509
1305,509
1306,509
1307,509
1308,509
1309,509
1310,508
1311,508
1312,509
1313,509
1314,509
1315,509
1316,508
1317,507
1318,506
1319,506
1320,507
1321,507
1322,508
1323,509
1324,509
1325,508
1326,507
1327,506
1328,507
1329,507
1330,507
1331,507
1332,506
1333,505
1334,504
1335,503
1336,504
1337,503
1338,503
1339,502
1340,502
1341,502
1342,501
1343,500
1344,500
1345,500
1346,500
1347,499
1348,498
1349,499
1350,499
1351,499
1352,498
1353,498
1354,497
1355,498
1356,499
1357,499
1358,499
1359,500
1360,500
1361,500
1362,499
1363,499
1364,500
1365,500
1366,500
1367,499
1368,500
1369,500
1370,501
1371,500
1372,501
1373,500
1374,500
1375,499
1376,499
1377,498
1378,498
1379,498
1380,497
1381,498
1382,498
1383,498
1384,499
1385,498
1386,498
1387,497
1388,498
1389,497
1390,496
1391,496
1392,496
1393,497
1394,498
1395,497
1396,497
1397,497
1398,497
1399,497
1400,497
1401,496
1402,497
1403,496
1404,496
1405,496
1406,496
1407,495
1408,495
1409,495
1410,495
1411,495
1412,496
1413,496
1414,495
1415,496
1416,497
1417,497
1418,496
1419,497
1420,498
1421,497
1422,496
1423,496
1424,496
1425,495
1426,495
1427,495
1428,495
1429,495
1430,495
1431,496
1432,497
1433,497
1434,497
1435,496
1436,496
1437,497
1438,496
1439,496
1440,496
1441,495
1442,495
1443,495
1444,495
1445,494
1446,495
1447,495
1448,495
1449,495
1450,495
1451,495
1452,495
1453,494
1454,493
1455,493
1456,492
1457,492
1458,493
1459,494
1460,493
1461,493
1462,493
1463,493
1464,494
1465,493
1466,492
1467,492
1468,492
1469,493
1470,493
1471,492
1472,491
1473,492
1474,492
1475,492
1476,491
1477,491
1478,491
1479,491
1480,490
1481,490
1482,489
1483,488
1484,489
1485,489
1486,489
1487,489
1488,489
1489,488
1490,488
1491,487
1492,486
1493,487
1494,486
1495,485
1496,484
1497,483
1498,483
1499,484
1500,483
1501,482
1502,483
1503,483
1504,483
1505,482
1506,481
1507,481
1508,481
1509,482
1510,481
1511,481
1512,481
1513,480
1514,479
1515,480
1516,480
1517,481
1518,481
1519,481
1520,482
1521,481
1522,480
1523,481
1524,481
1525,481
1526,481
1527,480
1528,480
1529,480
1530,479
1531,479
1532,479
1533,479
1534,479
1535,479
1536,479
1537,478
1538,479
1539,479
1540,478
1541,477
1542,478
1543,478
1544,478
1545,479
1546,479
1547,480
1548,481
1549,481
1550,482
1551,481
1552,480
1553,480
1554,480
1555,479
1556,479
1557,479
1558,480
1559,479
1560,479
1561,478
1562,477
1563,477
1564,476
1565,477
1566,478
1567,478
1568,479
1569,478
1570,478
1571,478
1572,478
1573,478
1574,478
1575,478
1576,478
1577,478
1578,478
1579,479
1580,479
1581,479
1582,479
1583,479
1584,479
1585,479
1586,480
1587,481
1588,482
1589,482
1590,481
1591,481
1592,482
1593,483
1594,482
1595,482
1596,483
1597,483
1598,484
1599,484
1600,484
1601,484
1602,484
1603,484
1604,485
1605,484
1606,484
1607,485
1608,484
1609,483
1610,483
1611,483
1612,484
1613,484
1614,484
1615,483
1616,482
1617,482
1618,481
1619,480
1620,480
1621,479
1622,480
1623,479
1624,479
1625,479
1626,479
1627,479
1628,480
1629,480
1630,480
1631,481
1632,481
1633,480
1634,480
1635,479
1636,479
1637,479
1638,478
1639,478
1640,478
1641,478
1642,478
1643,477
1644,478
1645,477
1646,477
1647,477
1648,477
1649,478
1650,477
1651,478
1652,477
1653,477
1654,477
1655,478
1656,477
1657,477
1658,477
1659,476
1660,475
1661,476
1662,475
1663,474
1664,473
1665,473
1666,473
1667,473
1668,474
1669,475
1670,476
1671,476
1672,476
1673,475
1674,475
1675,476
1676,476
1677,476
1678,477
1679,477
1680,477
1681,478
1682,478
1683,477
1684,478
1685,477
1686,477
1687,477
1688,476
1689,476
1690,477
1691,477
1692,476
1693,476
1694,476
1695,476
1696,475
1697,475
1698,476
1699,475
1700,475
1701,474
1702,474
1703,474
1704,475
1705,474
1706,474
1707,474
1708,475
1709,475
1710,475
1711,475
1712,476
1713,477
1714,476
1715,477
1716,477
1717,476
1718,476
1719,475
1720,474
1721,473
1722,473
1723,473
1724,473
1725,474
1726,473
1727,473
1728,473
1729,472
1730,472
1731,471
1732,470
1733,470
1734,469
1735,469
1736,468
1737,468
1738,468
1739,467
1740,466
1741,465
1742,465
1743,465
1744,466
1745,466
1746,466
1747,466
1748,466
1749,466
1750,465
1751,464
1752,464
1753,463
1754,464
1755,464
1756,465
1757,465
1758,465
1759,466
1760,465
1761,466
1762,465
1763,465
1764,464
1765,464
1766,464
1767,464
1768,465
1769,465
1770,464
1771,463
1772,462
1773,463
1774,463
1775,463
1776,463
1777,463
1778,464
1779,464
1780,463
1781,463
1782,463
1783,463
1784,463
1785,462
1786,462
1787,462
1788,463
1789,463
1790,462
1791,462
1792,462
1793,462
1794,462
1795,462
1796,461
1797,462
1798,462
1799,462
1800,462
1801,463
1802,463
1803,463
1804,464
1805,463
1806,462
1807,462
1808,462
1809,463
1810,464
1811,463
1812,463
1813,464
1814,464
1815,464
1816,465
1817,464
1818,465
1819,465
1820,465
1821,465
1822,465
1823,465
1824,466
1825,466
1826,465
1827,466
1828,465
1829,466
1830,466
1831,467
1832,466
1833,466
1834,465
1835,465
1836,464
1837,464
1838,465
1839,465
1840,464
1841,464
1842,464
1843,464
1844,464
1845,463
1846,462
1847,462
1848,462
1849,463
1850,464
1851,463
1852,463
1853,463
1854,464
1855,463
1856,463
1857,462
1858,461
1859,460
1860,460
1861,460
1862,460
1863,460
1864,460
1865,459
1866,458
1867,458
1868,458
1869,458
1870,459
1871,460
1872,461
1873,462
1874,462
1875,461
1876,461
1877,460
1878,461
1879,462
1880,462
1881,462
1882,462
1883,461
1884,460
1885,459
1886,459
1887,458
1888,457
1889,456
1890,456
1891,456
1892,457
1893,458
1894,458
1895,458
1896,458
1897,457
1898,458
1899,457
1900,456
1901,455
1902,456
1903,455
1904,454
1905,453
1906,452
1907,452
1908,451
1909,450
1910,449
1911,450
1912,450
1913,450
1914,450
1915,451
1916,452
1917,452
1918,451
1919,451
1920,451
1921,451
1922,451
1923,451
1924,450
1925,450
1926,451
1927,450
1928,451
1929,451
1930,450
1931,450
1932,450
1933,451
1934,450
1935,451
1936,452
1937,452
1938,451
1939,450
1940,450
1941,451
1942,452
1943,452
1944,453
1945,454
1946,454
1947,454
1948,454
1949,455
1950,456
1951,456
1952,455
1953,456
1954,455
1955,455
1956,456
1957,456
1958,455
1959,455
1960,454
1961,455
1962,455
1963,456
1964,456
1965,455
1966,455
1967,456
1968,456
1969,457
1970,457
1971,458
1972,457
1973,458
1974,458
1975,457
1976,457
1977,456
1978,456
1979,456
1980,456
1981,455
1982,455
1983,454
1984,455
1985,454
1986,453
1987,452
1988,452
1989,453
1990,453
1991,454
1992,453
1993,454
1994,453
1995,453
1996,453
1997,454
1998,455
1999,456
2000,456
2001,456
2002,456
2003,457
2004,458
2005,457
2006,458
2007,458
2008,458
2009,457
2010,457
2011,457
2012,457
2013,457
2014,458
2015,458
2016,458
2017,458
2018,458
2019,457
2020,457
2021,457
2022,456
2023,456
2024,455
2025,455
2026,455
2027,455
2028,456
2029,457
2030,457
2031,456
2032,455
2033,455
2034,455
2035,454
2036,454
2037,453
2038,453
2039,454
2040,454
2041,455
2042,454
2043,454
2044,453
2045,453
2046,452
2047,452
2048,451
2049,450
2050,450
2051,450
2052,451
2053,450
2054,449
2055,449
2056,448
2057,449
2058,448
2059,447
2060,448
2061,448
2062,447
2063,447
2064,447
2065,448
2066,448
2067,449
2068,449
2069,449
2070,449
2071,448
2072,449
2073,450
2074,450
2075,449
2076,448
2077,448
2078,449
2079,449
2080,448
2081,447
2082,447
2083,446
2084,446
2085,447
2086,448
2087,448
2088,448
2089,449
2090,450
2091,450
2092,451
2093,451
2094,452
2095,452
2096,452
2097,452
2098,452
2099,451
2100,450
2101,449
2102,449
2103,448
2104,447
2105,446
2106,446
2107,447
2108,446
2109,446
2110,445
2111,445
2112,445
2113,445
2114,445
2115,444
2116,444
2117,444
2118,444
2119,445
2120,444
2121,444
2122,444
2123,444
2124,444
2125,445
2126,446
2127,446
2128,446
2129,446
2130,447
2131,448
2132,447
2133,447
2134,447
2135,448
2136,448
2137,449
2138,449
2139,449
2140,448
2141,449
2142,448
2143,448
2144,447
2145,446
2146,446
2147,445
2148,445
2149,446
2150,445
2151,445
2152,446
2153,445
2154,446
2155,445
2156,444
2157,444
2158,443
2159,443
2160,443
2161,444
2162,444
2163,445
2164,445
2165,446
2166,445
2167,446
2168,445
2169,444
2170,445
2171,446
2172,446
2173,446
2174,446
2175,446
2176,445
2177,444
2178,445
2179,445
2180,445
2181,444
2182,445
2183,445
2184,445
2185,446
2186,446
2187,446
2188,446
2189,446
2190,447
2191,447
2192,446
2193,447
2194,446
2195,446
2196,446
2197,446
2198,445
2199,446
2200,447
2201,447
2202,447
2203,447
2204,448
2205,447
2206,448
2207,449
2208,449
2209,449
2210,449
2211,449
2212,448
2213,449
2214,449
2215,449
2216,449
2217,449
2218,449
2219,450
2220,449
2221,450
2222,449
2223,448
2224,448
2225,447
2226,446
2227,445
2228,444
2229,443
2230,443
2231,442
2232,442
2233,443
2234,444
2235,444
2236,444
2237,443
2238,442
2239,442
2240,442
2241,442
2242,442
2243,441
2244,442
2245,443
2246,443
2247,443
2248,443
2249,443
2250,443
2251,443
2252,443
2253,442
2254,441
2255,441
2256,441
2257,442
2258,442
2259,442
2260,441
2261,441
2262,441
2263,441
2264,440
2265,440
2266,439
2267,440
2268,440
2269,440
2270,440
2271,439
2272,440
2273,440
2274,440
2275,439
2276,439
2277,440
2278,440
2279,439
2280,438
2281,438
2282,437
2283,437
2284,437
2285,437
2286,437
2287,437
2288,437
2289,438
2290,438
2291,439
2292,438
2293,438
2294,439
2295,440
2296,440
2297,439
2298,440
2299,440
2300,439
2301,440
2302,441
2303,441
2304,441
2305,442
2306,443
2307,443
2308,443
2309,444
2310,445
2311,445
2312,446
2313,446
2314,447
2315,447
2316,447
2317,448
2318,447
2319,446
2320,445
2321,444
2322,443
2323,443
2324,443
2325,443
2326,443
2327,444
2328,444
2329,444
2330,445
2331,446
2332,445
2333,445
2334,444
2335,444
2336,443
2337,443
2338,444
2339,445
2340,446
2341,446
2342,445
2343,444
2344,444
2345,443
2346,442
2347,442
2348,442
2349,441
2350,441
2351,441
2352,440
2353,440
2354,440
2355,440
2356,441
2357,441
2358,442
2359,442
2360,441
2361,441
2362,440
2363,440
2364,441
2365,440
2366,440
2367,439
2368,438
2369,437
2370,438
2371,438
2372,437
2373,436
2374,436
2375,436
2376,435
2377,434
2378,435
2379,435
2380,436
2381,436
2382,437
2383,436
2384,436
2385,435
2386,435
2387,434
2388,433
2389,434
2390,434
2391,433
2392,432
2393,431
2394,430
2395,429
2396,429
2397,428
2398,429
2399,429
2400,429
2401,429
2402,430
2403,430
2404,430
2405,429
2406,429
2407,430
2408,429
2409,428
2410,429
2411,430
2412,430
2413,430
2414,430
2415,431
2416,432
2417,431
2418,431
2419,430
2420,431
2421,431
2422,432
2423,432
2424,432
2425,432
2426,432
2427,433
2428,433
2429,432
2430,431
2431,430
2432,429
2433,428
2434,427
2435,428
2436,428
2437,429
2438,428
2439,428
2440,428
2441,427
2442,427
2443,427
2444,427
2445,426
2446,427
2447,427
2448,427
2449,427
2450,428
2451,427
2452,426
2453,426
2454,427
2455,428
2456,429
2457,429
2458,430
2459,429
2460,429
2461,429
2462,429
2463,428
2464,429
2465,429
2466,428
2467,427
2468,428
2469,427
2470,426
2471,425
2472,425
2473,424
2474,423
2475,422
2476,421
2477,420
2478,419
2479,419
2480,419
2481,419
2482,420
2483,419
2484,418
2485,418
2486,417
2487,417
2488,417
2489,416
2490,416
2491,417
2492,418
2493,417
2494,416
2495,415
2496,415
2497,416
2498,415
2499,416
2500,416
2501,416
2502,417
2503,417
2504,418
2505,418
2506,418
2507,419
2508,419
2509,419
2510,420
2511,420
2512,419
2513,419
2514,419
2515,420
2516,421
2517,421
2518,420
2519,420
2520,420
2521,421
2522,420
2523,420
2524,419
2525,419
2526,420
2527,419
2528,419
2529,419
2530,420
2531,419
2532,419
2533,418
2534,418
2535,417
2536,418
2537,419
2538,418
2539,419
2540,419
2541,419
2542,418
2543,418
2544,418
2545,417
2546,418
2547,417
2548,417
2549,417
2550,417
2551,418
2552,419
2553,419
2554,418
2555,419
2556,419
2557,419
2558,419
2559,418
2560,418
2561,419
2562,420
2563,420
2564,419
2565,419
2566,419
2567,420
2568,421
2569,421
2570,421
2571,421
2572,420
2573,419
2574,419
2575,420
2576,421
2577,420
2578,419
2579,420
2580,420
2581,420
2582,420
2583,420
2584,420
2585,421
2586,420
2587,421
2588,422
2589,422
2590,421
2591,422
2592,422
2593,422
2594,422
2595,422
2596,422
2597,421
2598,421
2599,421
2600,421
2601,421
2602,421
2603,422
2604,421
2605,421
2606,420
2607,421
2608,422
2609,421
2610,420
2611,421
2612,422
2613,421
2614,420
2615,420
2616,420
2617,421
2618,421
2619,422
2620,423
2621,424
2622,423
2623,422
2624,422
2625,422
2626,422
2627,422
2628,423
2629,423
2630,423
2631,422
2632,422
2633,422
2634,422
2635,422
2636,423
2637,423
2638,422
2639,422
2640,423
2641,423
2642,423
2643,424
2644,423
2645,423
2646,423
2647,422
2648,422
2649,423
2650,423
2651,422
2652,422
2653,421
2654,420
2655,419
2656,419
2657,419
2658,419
2659,420
2660,421
2661,420
2662,420
2663,421
2664,421
2665,421
2666,420
2667,420
2668,420
2669,419
2670,420
2671,420
2672,420
2673,419
2674,419
2675,419
2676,419
2677,420
2678,419
2679,420
2680,421
2681,420
2682,420
2683,421
2684,422
2685,422
2686,423
2687,423
2688,424
2689,424
2690,424
2691,423
2692,423
2693,423
2694,423
2695,424
2696,425
2697,425
2698,424
2699,425
2700,425
2701,424
2702,423
2703,423
2704,423
2705,424
2706,423
2707,424
2708,424
2709,424
2710,423
2711,423
2712,422
2713,421
2714,421
2715,422
2716,421
2717,421
2718,421
2719,421
2720,421
2721,420
2722,421
2723,420
2724,420
2725,420
2726,419
2727,419
2728,419
2729,419
2730,418
2731,418
2732,418
2733,418
2734,417
2735,416
2736,416
2737,416
2738,417
2739,417
2740,417
2741,416
2742,417
2743,417
2744,418
2745,417
2746,418
2747,418
2748,417
2749,416
2750,416
2751,417
2752,417
2753,417
2754,417
2755,416
2756,416
2757,416
2758,415
2759,414
2760,413
2761,412
2762,412
2763,411
2764,411
2765,411
2766,412
2767,412
2768,412
2769,411
2770,410
2771,409
2772,408
2773,408
2774,408
2775,407
2776,407
2777,408
2778,409
2779,408
2780,409
2781,409
2782,410
2783,410
2784,410
2785,410
2786,411
2787,411
2788,411
2789,411
2790,412
2791,411
2792,411
2793,411
2794,411
2795,411
2796,411
2797,412
2798,412
2799,412
2800,413
2801,412
2802,412
2803,412
2804,412
2805,412
2806,412
2807,413
2808,413
2809,414
2810,414
2811,414
2812,414
2813,414
2814,413
2815,414
2816,413
2817,412
2818,412
2819,411
2820,411
2821,411
2822,411
2823,410
2824,409
2825,410
2826,410
2827,409
2828,409
2829,410
2830,410
2831,411
2832,411
2833,411
2834,412
2835,412
2836,412
2837,411
2838,411
2839,411
2840,411
2841,411
2842,410
2843,410
2844,410
2845,410
2846,410
2847,409
2848,409
2849,409
2850,410
2851,410
2852,410
2853,409
2854,409
2855,409
2856,409
2857,408
2858,408
2859,409
2860,408
2861,408
2862,408
2863,408
2864,408
2865,408
2866,409
2867,410
2868,410
2869,410
2870,410
2871,411
2872,412
2873,412
2874,412
2875,413
2876,412
2877,412
2878,411
2879,411
2880,411
2881,411
2882,412
2883,413
2884,412
2885,411
2886,412
2887,413
2888,412
2889,411
2890,411
2891,412
2892,411
2893,411
2894,412
2895,413
2896,412
2897,412
2898,412
2899,412
2900,411
2901,411
2902,410
2903,409
2904,409
2905,410
2906,410
2907,411
2908,410
2909,409
2910,408
2911,409
2912,409
2913,409
2914,409
2915,409
2916,410
2917,410
2918,410
2919,409
2920,409
2921,409
2922,409
2923,409
2924,410
2925,410
2926,410
2927,410
2928,410
2929,409
2930,409
2931,410
2932,410
2933,411
2934,411
2935,412
2936,412
2937,411
2938,410
2939,409
2940,409
2941,408
2942,408
2943,408
2944,407
2945,406
2946,406
2947,405
2948,405
2949,405
2950,406
2951,406
2952,406
2953,406
2954,406
2955,405
2956,404
2957,404
2958,404
2959,403
2960,404
2961,405
2962,404
2963,405
2964,405
2965,404
2966,404
2967,404
2968,404
2969,403
2970,403
2971,403
2972,404
2973,403
2974,402
2975,403
2976,404
2977,404
2978,404
2979,403
2980,403
2981,403
2982,403
2983,402
2984,401
2985,401
2986,402
2987,402
2988,402
2989,402
2990,401
2991,401
2992,401
2993,400
2994,400
2995,401
2996,402
2997,402
2998,402
2999,402
3000,403
3001,404
3002,403
3003,402
3004,402
3005,402
3006,401
3007,401
3008,401
3009,402
3010,402
3011,401
3012,402
3013,401
3014,400
3015,400
3016,399
3017,399
3018,398
3019,398
3020,397
3021,397
3022,396
3023,396
3024,395
3025,396
3026,396
3027,395
3028,395
3029,394
3030,393
3031,393
3032,394
3033,393
3034,393
3035,394
3036,394
3037,394
3038,394
3039,394
3040,395
3041,396
3042,396
3043,397
3044,397
3045,396
3046,396
3047,397
3048,397
3049,398
3050,398
3051,398
3052,399
3053,398
3054,397
3055,397
3056,396
3057,396
3058,396
3059,397
3060,398
3061,398
3062,398
3063,398
3064,397
3065,396
3066,396
3067,397
3068,396
3069,396
3070,395
3071,396
3072,396
3073,396
3074,395
3075,395
3076,396
3077,397
3078,398
3079,398
3080,397
3081,397
3082,398
3083,398
3084,398
3085,399
3086,399
3087,398
3088,398
3089,398
3090,398
3091,398
3092,398
3093,398
3094,398
3095,398
3096,398
3097,397
3098,397
3099,397
3100,397
3101,398
3102,398
3103,397
3104,396
3105,396
3106,397
3107,397
3108,397
3109,397
3110,397
3111,397
3112,397
3113,396
3114,396
3115,397
3116,398
3117,399
3118,398
3119,399
3120,398
3121,399
3122,399
3123,399
3124,399
3125,400
3126,399
3127,399
3128,399
3129,399
3130,399
3131,398
3132,397
3133,397
3134,397
3135,396
3136,397
3137,396
3138,396
3139,396
3140,396
3141,396
3142,395
3143,396
3144,396
3145,397
3146,397
3147,398
3148,399
3149,399
3150,400
3151,401
3152,402
3153,403
3154,403
3155,404
3156,404
3157,405
3158,405
3159,405
3160,405
3161,404
3162,404
3163,404
3164,403
3165,403
3166,403
3167,403
3168,404
3169,403
3170,403
3171,402
3172,403
3173,402
3174,402
3175,402
3176,402
3177,401
3178,400
3179,401
3180,401
3181,402
3182,402
3183,402
3184,401
3185,401
3186,400
3187,401
3188,401
3189,400
3190,401
3191,400
3192,400
3193,401
3194,401
3195,402
3196,403
3197,404
3198,403
3199,403
3200,402
3201,403
3202,403
3203,403
3204,404
3205,404
3206,403
3207,404
3208,404
3209,403
3210,403
3211,402
3212,402
3213,403
3214,404
3215,405
3216,405
3217,404
3218,403
3219,403
3220,403
3221,402
3222,403
3223,403
3224,403
3225,402
3226,403
3227,403
3228,403
3229,403
3230,404
3231,404
3232,405
3233,405
3234,405
3235,404
3236,403
3237,403
3238,404
3239,405
3240,406
3241,406
3242,406
3243,406
3244,405
3245,405
3246,405
3247,405
3248,405
3249,406
3250,407
3251,408
3252,408
3253,407
3254,407
3255,407
3256,406
3257,406
3258,407
3259,408
3260,408
3261,408
3262,408
3263,407
3264,407
3265,407
3266,408
3267,408
3268,408
3269,407
3270,407
3271,406
3272,406
3273,406
3274,405
3275,404
3276,404
3277,404
3278,404
3279,404
3280,405
3281,404
3282,405
3283,406
3284,406
3285,405
3286,404
3287,404
3288,404
3289,404
3290,405
3291,406
3292,405
3293,406
3294,406
3295,405
3296,405
3297,404
3298,405
3299,405
3300,406
3301,406
3302,407
3303,407
3304,407
3305,407
3306,408
3307,408
3308,407
3309,408
3310,409
3311,408
3312,409
3313,410
3314,410
3315,409
3316,408
3317,407
3318,407
3319,407
3320,408
3321,408
3322,408
3323,409
3324,410
3325,409
3326,410
3327,410
3328,410
3329,410
3330,409
3331,409
3332,409
3333,410
3334,409
3335,409
3336,409
3337,408
3338,408
3339,407
3340,407
3341,408
3342,407
3343,406
3344,407
3345,406
3346,407
3347,406
3348,405
3349,404
3350,404
3351,405
3352,404
3353,403
3354,404
3355,404
3356,404
3357,405
3358,404
3359,403
3360,403
3361,402
3362,403
3363,403
3364,403
3365,404
3366,403
3367,402
3368,401
3369,401
3370,402
3371,401
3372,400
3373,401
3374,402
3375,401
3376,401
3377,400
3378,400
3379,400
3380,401
3381,401
3382,401
3383,402
3384,401
3385,401
3386,401
3387,401
3388,402
3389,402
3390,402
3391,402
3392,402
3393,401
3394,402
3395,401
3396,401
3397,402
3398,402
3399,402
3400,401
3401,402
3402,402
3403,401
3404,401
3405,401
3406,401
3407,401
3408,401
3409,402
3410,401
3411,402
3412,402
3413,402
3414,402
3415,403
3416,403
3417,403
3418,402
3419,403
3420,403
3421,402
3422,402
3423,401
3424,401
3425,401
3426,402
3427,401
3428,400
3429,401
3430,401
3431,401
3432,400
3433,400
3434,399
3435,399
3436,400
3437,400
3438,400
3439,399
3440,398
3441,398
3442,397
3443,398
3444,397
3445,398
3446,398
3447,398
3448,398
3449,398
3450,399
3451,399
3452,399
3453,399
3454,399
3455,398
3456,398
3457,398
3458,399
3459,398
3460,399
3461,399
3462,399
3463,398
3464,399
3465,398
3466,399
3467,400
3468,401
3469,402
3470,402
3471,402
3472,403
3473,404
3474,405
3475,406
3476,406
3477,406
3478,407
3479,407
3480,407
3481,407
3482,408
3483,408
3484,408
3485,407
3486,407
3487,406
3488,406
3489,406
3490,406
3491,406
3492,406
3493,406
3494,406
3495,405
3496,404
3497,404
3498,404
3499,403
3500,403
3501,403
3502,403
3503,403
3504,402
3505,402
3506,402
3507,401
3508,401
3509,402
3510,401
3511,400
3512,399
3513,399
3514,400
3515,400
3516,400
3517,400
3518,401
3519,400
3520,401
3521,401
3522,401
3523,401
3524,401
3525,401
3526,401
3527,401
3528,400
3529,400
3530,400
3531,400
3532,400
3533,400
3534,399
3535,399
3536,399
3537,398
3538,397
3539,397
3540,398
3541,399
3542,399
3543,398
3544,398
3545,398
3546,397
3547,396
3548,396
3549,396
3550,397
3551,397
3552,397
3553,396
3554,397
3555,396
3556,397
3557,397
3558,396
3559,396
3560,396
3561,396
3562,396
3563,397
3564,397
3565,396
3566,396
3567,396
3568,396
3569,396
3570,395
3571,394
3572,395
3573,394
3574,394
3575,395
3576,394
3577,394
3578,394
3579,393
3580,394
3581,394
3582,394
3583,395
3584,395
3585,395
3586,395
3587,396
3588,397
3589,397
3590,397
3591,397
3592,398
3593,398
3594,398
3595,398
3596,398
3597,398
3598,398
3599,399
3600,399
3601,398
3602,399
3603,398
3604,398
3605,398
3606,397
3607,398
3608,398
3609,398
3610,398
3611,399
3612,399
3613,398
3614,398
3615,398
3616,397
3617,397
3618,397
3619,396
3620,397
3621,397
3622,396
3623,397
3624,397
3625,396
3626,397
3627,397
3628,398
3629,398
3630,399
3631,399
3632,400
3633,400
3634,401
3635,401
3636,401
3637,402
3638,401
3639,401
3640,401
3641,402
3642,402
3643,402
3644,401
3645,400
3646,401
3647,401
3648,400
3649,400
3650,401
3651,401
3652,402
3653,402
3654,403
3655,403
3656,402
3657,402
3658,403
3659,404
3660,404
3661,403
3662,402
3663,402
3664,403
3665,402
3666,403
3667,402
3668,401
3669,400
3670,400
3671,400
3672,401
3673,402
3674,401
3675,400
3676,399
3677,399
3678,398
3679,398
3680,399
3681,399
3682,400
3683,401
3684,400
3685,401
3686,401
3687,401
3688,400
3689,400
3690,400
3691,399
3692,399
3693,399
3694,398
3695,398
3696,398
3697,399
3698,400
3699,399
3700,399
3701,399
3702,400
3703,399
3704,399
3705,399
3706,400
3707,400
3708,400
3709,401
3710,400
3711,399
3712,399
3713,399
3714,398
3715,398
3716,398
3717,398
3718,397
3719,397
3720,396
3721,397
3722,398
3723,398
3724,397
3725,396
3726,395
3727,394
3728,393
3729,393
3730,394
3731,395
3732,396
3733,396
3734,395
3735,395
3736,395
3737,395
3738,394
3739,394
3740,394
3741,394
3742,394
3743,393
3744,393
3745,394
3746,394
3747,395
3748,394
3749,394
3750,395
3751,394
3752,395
3753,395
3754,395
3755,395
3756,395
3757,395
3758,395
3759,395
3760,395
3761,395
3762,395
3763,395
3764,394
3765,394
3766,394
3767,394
3768,394
3769,393
3770,392
3771,392
3772,392
3773,391
3774,392
3775,392
3776,391
3777,390
3778,389
3779,388
3780,388
3781,387
3782,388
3783,387
3784,386
3785,385
3786,386
3787,386
3788,387
3789,387
3790,388
3791,388
3792,388
3793,387
3794,387
3795,388
3796,388
3797,387
3798,387
3799,386
3800,387
3801,388
3802,388
3803,389
3804,389
3805,390
3806,390
3807,391
3808,391
3809,392
3810,391
3811,392
3812,392
3813,392
3814,392
3815,391
3816,390
3817,390
3818,391
3819,390
3820,390
3821,391
3822,392
3823,392
3824,392
3825,392
3826,393
3827,393
3828,392
3829,392
3830,392
3831,392
3832,392
3833,393
3834,393
3835,394
3836,393
3837,394
3838,395
3839,395
3840,395
3841,395
3842,394
3843,395
3844,394
3845,395
3846,395
3847,396
3848,397
3849,397
3850,396
3851,396
3852,395
3853,395
3854,395
3855,396
3856,396
3857,396
3858,395
3859,394
3860,394
3861,393
3862,393
3863,394
3864,394
3865,395
3866,394
3867,395
3868,396
3869,396
3870,397
3871,396
3872,397
3873,397
3874,397
3875,397
3876,398
3877,398
3878,397
3879,396
3880,396
3881,396
3882,396
3883,397
3884,397
3885,398
3886,398
3887,398
3888,397
3889,397
3890,397
3891,398
3892,397
3893,397
3894,397
3895,398
3896,398
3897,399
3898,398
3899,399
3900,399
3901,399
3902,398
3903,398
3904,397
3905,398
3906,398
3907,399
3908,400
3909,399
3910,400
3911,400
3912,400
3913,400
3914,400
3915,400
3916,400
3917,401
3918,401
3919,402
3920,402
3921,402
3922,402
3923,402
3924,402
3925,401
3926,400
3927,399
3928,399
3929,398
3930,398
3931,397
3932,397
3933,397
3934,397
3935,397
3936,396
3937,396
3938,397
3939,396
3940,396
3941,396
3942,395
3943,395
3944,395
3945,394
3946,395
3947,396
3948,396
3949,395
3950,394
3951,395
3952,396
3953,395
3954,394
3955,393
3956,392
3957,391
3958,390
3959,391
3960,391
3961,391
3962,391
3963,391
3964,391
3965,391
3966,391
3967,390
3968,390
3969,390
3970,391
3971,392
3972,393
3973,392
3974,392
3975,392
3976,392
3977,391
3978,391
3979,392
3980,393
3981,393
3982,393
3983,392
3984,392
3985,391
3986,390
3987,391
3988,391
3989,391
3990,392
3991,392
3992,392
3993,392
3994,391
3995,392
3996,392
3997,393
3998,393
3999,392
4000,392
4001,393
4002,393
4003,393
4004,393
4005,392
4006,391
4007,391
4008,391
4009,392
4010,392
4011,392
4012,393
4013,394
4014,395
4015,396
4016,396
4017,397
4018,398
4019,399
4020,400
4021,399
4022,399
4023,399
4024,400
4025,400
4026,401
4027,401
4028,401
4029,401
4030,402
4031,403
4032,404
4033,404
4034,405
4035,405
4036,405
4037,405
4038,405
4039,404
4040,404
4041,404
4042,403
4043,404
4044,404
4045,404
4046,405
4047,405
4048,405
4049,406
4050,407
4051,407
4052,408
4053,407
4054,406
4055,405
4056,406
4057,406
4058,407
4059,406
4060,406
4061,406
4062,406
4063,406
4064,406
4065,406
4066,407
4067,406
4068,406
4069,406
4070,406
4071,407
4072,407
4073,406
4074,407
4075,407
4076,407
4077,408
4078,408
4079,409
4080,409
4081,410
4082,410
4083,409
4084,409
4085,409
4086,409
4087,408
4088,408
4089,408
4090,407
4091,407
4092,406
4093,407
4094,408
4095,408
4096,407
4097,407
4098,406
4099,405
4100,405
4101,405
4102,406
4103,406
4104,405
4105,405
4106,406
4107,406
4108,407
4109,408
4110,408
4111,409
4112,408
4113,407
4114,407
4115,407
4116,407
4117,406
4118,405
4119,405
4120,405
4121,404
4122,404
4123,404
4124,404
4125,404
4126,404
4127,404
4128,405
4129,405
4130,405
4131,405
4132,405
4133,405
4134,406
4135,407
4136,408
4137,407
4138,406
4139,405
4140,406
4141,406
4142,406
4143,405
4144,405
4145,405
4146,406
4147,406
4148,405
4149,405
4150,405
4151,405
4152,406
4153,406
4154,406
4155,406
4156,405
4157,405
4158,405
4159,406
4160,406
4161,406
4162,405
4163,405
4164,405
4165,404
4166,404
4167,405
4168,405
4169,405
4170,404
4171,404
4172,404
4173,404
4174,404
4175,405
4176,405
4177,404
4178,404
4179,403
4180,403
4181,403
4182,403
4183,403
4184,403
4185,403
4186,403
4187,403
4188,402
4189,401
4190,401
4191,400
4192,400
4193,401
4194,400
4195,399
4196,399
4197,398
4198,398
4199,398
4200,397
4201,396
4202,397
4203,398
4204,397
4205,397
4206,397
4207,397
4208,396
4209,396
4210,397
4211,397
4212,397
4213,398
4214,397
4215,397
4216,397
4217,397
4218,396
4219,396
4220,397
4221,396
4222,396
4223,396
4224,397
4225,398
4226,398
4227,397
4228,397
4229,398
4230,399
4231,398
4232,397
4233,397
4234,398
4235,397
4236,398
4237,399
4238,399
4239,399
4240,399
4241,399
4242,399
4243,399
4244,398
4245,398
4246,397
4247,397
4248,398
4249,399
4250,399
4251,399
4252,399
4253,399
4254,398
4255,397
4256,398
4257,398
4258,397
4259,397
4260,398
4261,398
4262,398
4263,397
4264,398
4265,398
4266,398
4267,397
4268,397
4269,398
4270,399
4271,399
4272,400
4273,400
4274,399
4275,399
4276,398
4277,397
4278,398
4279,398
4280,398
4281,398
4282,398
4283,397
4284,397
4285,398
4286,399
4287,400
4288,400
4289,400
4290,401
4291,402
4292,402
4293,402
4294,401
4295,401
4296,400
4297,400
4298,401
4299,401
4300,402
4301,403
4302,403
4303,404
4304,403
4305,402
4306,403
4307,404
4308,404
4309,404
4310,405
4311,405
4312,406
4313,407
4314,407
4315,406
4316,405
4317,404
4318,403
4319,404
4320,404
4321,405
4322,404
4323,405
4324,405
4325,406
4326,406
4327,406
4328,407
4329,407
4330,407
4331,407
4332,407
4333,407
4334,408
4335,408
4336,408
4337,408
4338,408
4339,409
4340,409
4341,409
4342,408
4343,409
4344,410
4345,411
4346,411
4347,412
4348,411
4349,411
4350,410
4351,411
4352,411
4353,412
4354,413
4355,414
4356,414
4357,414
4358,415
4359,414
4360,415
4361,416
4362,416
4363,417
4364,417
4365,417
4366,418
4367,419
4368,418
4369,417
4370,417
4371,417
4372,417
4373,417
4374,417
4375,417
4376,417
4377,418
4378,419
4379,419
4380,418
4381,418
4382,418
4383,417
4384,416
4385,415
4386,415
4387,414
4388,414
4389,413
4390,413
4391,414
4392,415
4393,414
4394,413
4395,412
4396,412
4397,412
4398,413
4399,413
4400,413
4401,412
4402,413
4403,413
4404,413
4405,413
4406,413
4407,413
4408,413
4409,413
4410,414
4411,413
4412,413
4413,413
4414,413
4415,414
4416,413
4417,414
4418,414
4419,415
4420,415
4421,415
4422,416
4423,416
4424,415
4425,416
4426,417
4427,416
4428,416
4429,416
4430,416
4431,416
4432,417
4433,417
4434,416
4435,416
4436,416
4437,416
4438,416
4439,416
4440,416
4441,416
4442,416
4443,416
4444,417
4445,416
4446,416
4447,416
4448,416
4449,416
4450,416
4451,417
4452,416
4453,415
4454,416
4455,417
4456,418
4457,419
4458,419
4459,419
4460,418
4461,419
4462,418
4463,418
4464,417
4465,418
4466,417
4467,416
4468,416
4469,416
4470,415
4471,414
4472,413
4473,414
4474,414
4475,415
4476,415
4477,414
4478,415
4479,415
4480,414
4481,413
4482,413
4483,413
4484,414
4485,414
4486,415
4487,415
4488,415
4489,415
4490,415
4491,416
4492,417
4493,416
4494,416
4495,416
4496,416
4497,417
4498,417
4499,417
4500,418
4501,417
4502,417
4503,417
4504,418
4505,418
4506,417
4507,417
4508,416
4509,417
4510,417
4511,417
4512,417
4513,417
4514,418
4515,419
4516,420
4517,420
4518,421
4519,420
4520,420
4521,420
4522,420
4523,420
4524,421
4525,421
4526,420
4527,421
4528,421
4529,421
4530,421
4531,422
4532,421
4533,421
4534,420
4535,419
4536,419
4537,419
4538,418
4539,417
4540,417
4541,416
4542,416
4543,417
4544,417
4545,417
4546,417
4547,417
4548,418
4549,418
4550,419
4551,419
4552,419
4553,419
4554,419
4555,418
4556,418
4557,417
4558,416
4559,415
4560,415
4561,415
4562,415
4563,415
4564,414
4565,415
4566,415
4567,414
4568,415
4569,415
4570,415
4571,414
4572,415
4573,415
4574,414
4575,415
4576,415
4577,416
4578,416
4579,416
4580,416
4581,416
4582,416
4583,416
4584,415
4585,416
4586,415
4587,414
4588,414
4589,414
4590,413
4591,414
4592,413
4593,413
4594,413
4595,412
4596,413
4597,412
4598,412
4599,413
4600,413
4601,413
4602,413
4603,413
4604,414
4605,414
4606,414
4607,414
4608,414
4609,414
4610,414
4611,414
4612,414
4613,414
4614,414
4615,414
4616,414
4617,414
4618,413
4619,413
4620,413
4621,412
4622,412
4623,411
4624,412
4625,413
4626,413
4627,412
4628,411
4629,412
4630,411
4631,411
4632,411
4633,411
4634,411
4635,411
4636,411
4637,410
4638,409
4639,409
4640,409
4641,408
4642,408
4643,408
4644,408
4645,409
4646,409
4647,410
4648,411
4649,412
4650,412
4651,412
4652,412
4653,413
4654,413
4655,412
4656,412
4657,413
4658,413
4659,412
4660,411
4661,410
4662,411
4663,411
4664,410
4665,409
4666,409
4667,408
4668,408
4669,408
4670,408
4671,408
4672,407
4673,407
4674,407
4675,407
4676,407
4677,406
4678,406
4679,406
4680,406
4681,406
4682,406
4683,406
4684,407
4685,406
4686,407
4687,406
4688,406
4689,406
4690,405
4691,405
4692,406
4693,407
4694,408
4695,407
4696,407
4697,407
4698,407
4699,408
4700,408
4701,408
4702,409
4703,409
4704,409
4705,409
4706,409
4707,408
4708,407
4709,407
4710,407
4711,407
4712,407
4713,407
4714,408
4715,408
4716,407
4717,407
4718,407
4719,406
4720,405
4721,406
4722,406
4723,406
4724,407
4725,408
4726,407
4727,406
4728,406
4729,407
4730,407
4731,407
4732,407
4733,407
4734,407
4735,407
4736,408
4737,408
4738,408
4739,409
4740,410
4741,410
4742,410
4743,411
4744,411
4745,411
4746,411
4747,412
4748,411
4749,412
4750,412
4751,411
4752,412
4753,411
4754,412
4755,413
4756,414
4757,414
4758,414
4759,414
4760,413
4761,414
4762,414
4763,415
4764,416
4765,417
4766,417
4767,418
4768,418
4769,418
4770,419
4771,418
4772,418
4773,417
4774,418
4775,417
4776,418
4777,419
4778,418
4779,418
4780,418
4781,418
4782,418
4783,419
4784,418
4785,419
4786,419
4787,418
4788,417
4789,417
4790,418
4791,418
4792,417
4793,418
4794,418
4795,418
4796,419
4797,420
4798,420
4799,420
4800,420
4801,419
4802,418
4803,417
4804,416
4805,416
4806,417
4807,417
4808,417
4809,416
4810,417
4811,417
4812,417
4813,417
4814,417
4815,416
4816,417
4817,418
4818,419
4819,419
4820,420
4821,420
4822,420
4823,420
4824,420
4825,420
4826,420
4827,419
4828,419
4829,420
4830,421
4831,421
4832,421
4833,421
4834,421
4835,422
4836,422
4837,423
4838,422
4839,423
4840,423
4841,423
4842,423
4843,423
4844,423
4845,424
4846,424
4847,424
4848,424
4849,425
4850,426
4851,425
4852,425
4853,424
4854,425
4855,424
4856,423
4857,422
4858,422
4859,422
4860,422
4861,423
4862,422
4863,422
4864,422
4865,423
4866,422
4867,422
4868,422
4869,422
4870,422
4871,422
4872,422
4873,422
4874,421
4875,422
4876,421
4877,422
4878,421
4879,422
4880,423
4881,423
4882,423
4883,423
4884,423
4885,424
4886,423
4887,422
4888,421
4889,421
4890,420
4891,421
4892,421
4893,420
4894,420
4895,420
4896,421
4897,421
4898,422
4899,421
4900,420
4901,421
4902,421
4903,422
4904,422
4905,421
4906,420
4907,420
4908,419
4909,420
4910,421
4911,421
4912,421
4913,421
4914,421
4915,421
4916,421
4917,422
4918,422
4919,422
4920,421
4921,420
4922,420
4923,420
4924,421
4925,422
4926,423
4927,422
4928,423
4929,422
4930,421
4931,421
4932,421
4933,420
4934,421
4935,422
4936,422
4937,421
4938,422
4939,423
4940,424
4941,424
4942,425
4943,425
4944,425
4945,424
4946,424
4947,424
4948,423
4949,422
4950,422
4951,422
4952,421
4953,421
4954,421
4955,421
4956,421
4957,420
4958,421
4959,421
4960,422
4961,423
4962,424
4963,424
4964,425
4965,426
4966,426
4967,425
4968,426
4969,426
4970,427
4971,427
4972,428
4973,428
4974,428
4975,428
4976,427
4977,426
4978,426
4979,426
4980,427
4981,427
4982,426
4983,425
4984,425
4985,425
4986,425
4987,425
4988,424
4989,425
4990,426
4991,426
4992,426
4993,425
4994,426
4995,427
4996,427
4997,427
4998,426
4999,426
5000,426
5001,426
5002,426
5003,425
5004,425
5005,425
5006,426
5007,426
5008,426
5009,426
5010,425
5011,426
5012,427
5013,426
5014,426
5015,427
5016,427
5017,427
5018,428
5019,429
5020,429
5021,430
5022,430
5023,430
5024,429
5025,428
5026,428
5027,427
5028,427
5029,427
5030,428
5031,428
5032,428
5033,428
5034,428
5035,429
5036,429
5037,428
5038,427
5039,426
5040,426
5041,426
5042,425
5043,426
5044,425
5045,425
5046,425
5047,424
5048,424
5049,425
5050,426
5051,427
5052,427
5053,428
5054,428
5055,428
5056,428
5057,427
5058,427
5059,427
5060,426
5061,427
5062,428
5063,429
5064,429
5065,429
5066,429
5067,428
5068,428
5069,429
5070,429
5071,428
5072,428
5073,428
5074,429
5075,429
5076,429
5077,428
5078,429
5079,429
5080,428
5081,428
5082,427
5083,427
5084,427
5085,427
5086,427
5087,427
5088,426
5089,425
5090,426
5091,425
5092,426
5093,426
5094,425
5095,425
5096,425
5097,425
5098,425
5099,426
5100,426
5101,427
5102,427
5103,427
5104,427
5105,428
5106,427
5107,426
5108,426
5109,426
5110,426
5111,426
5112,427
5113,427
5114,426
5115,427
5116,427
5117,428
5118,429
5119,430
5120,430
5121,430
5122,431
5123,431
5124,432
5125,432
5126,432
5127,431
5128,432
5129,432
5130,431
5131,432
5132,433
5133,433
5134,433
5135,433
5136,434
5137,434
5138,435
5139,434
5140,435
5141,434
5142,435
5143,435
5144,434
5145,434
5146,433
5147,433
5148,433
5149,434
5150,435
5151,435
5152,436
5153,436
5154,436
5155,435
5156,435
5157,434
5158,434
5159,435
5160,436
5161,435
5162,435
5163,435
5164,436
5165,435
5166,435
5167,435
5168,435
5169,436
5170,437
5171,437
5172,438
5173,439
5174,438
5175,438
5176,438
5177,439
5178,438
5179,438
5180,438
5181,438
5182,438
5183,439
5184,439
5185,439
5186,439
5187,439
5188,440
5189,440
5190,439
5191,440
5192,439
5193,440
5194,440
5195,441
5196,441
5197,441
5198,441
5199,442
5200,443
5201,442
5202,442
5203,442
5204,442
5205,442
5206,443
5207,443
5208,442
5209,443
5210,443
5211,444
5212,445
5213,444
5214,444
5215,444
5216,444
5217,444
5218,443
5219,443
5220,443
5221,443
5222,444
5223,445
5224,445
5225,445
5226,445
5227,445
5228,445
5229,445
5230,445
5231,445
5232,444
5233,444
5234,443
5235,443
5236,444
5237,445
5238,445
5239,445
5240,444
5241,445
5242,445
5243,446
5244,445
5245,446
5246,446
5247,447
5248,447
5249,446
5250,445
5251,445
5252,445
5253,444
5254,445
5255,446
5256,446
5257,446
5258,446
5259,446
5260,446
5261,445
5262,445
5263,446
5264,447
5265,446
5266,445
5267,446
5268,446
5269,446
5270,446
5271,446
5272,446
5273,446
5274,445
5275,445
5276,444
5277,444
5278,443
5279,444
5280,444
5281,445
5282,446
5283,446
5284,446
5285,446
5286,446
5287,446
5288,446
5289,446
5290,445
5291,446
5292,447
5293,447
5294,448
5295,448
5296,448
5297,449
5298,448
5299,448
5300,449
5301,450
5302,451
5303,451
5304,451
5305,451
5306,452
5307,451
5308,451
5309,450
5310,450
5311,450
5312,450
5313,450
5314,451
5315,451
5316,452
5317,452
5318,452
5319,452
5320,452
5321,452
5322,452
5323,452
5324,451
5325,450
5326,450
5327,450
5328,450
5329,450
5330,450
5331,450
5332,451
5333,451
5334,452
5335,452
5336,453
5337,454
5338,454
5339,454
5340,454
5341,454
5342,453
5343,454
5344,454
5345,454
5346,454
5347,453
5348,453
5349,454
5350,454
5351,453
5352,453
5353,453
5354,453
5355,454
5356,453
5357,454
5358,455
5359,455
5360,455
5361,454
5362,454
5363,455
5364,454
5365,454
5366,453
5367,453
5368,454
5369,454
5370,455
5371,456
5372,456
5373,457
5374,457
5375,457
5376,457
5377,457
5378,457
5379,457
5380,457
5381,458
5382,458
5383,459
5384,458
5385,457
5386,458
5387,458
5388,458
5389,458
5390,458
5391,459
5392,459
5393,459
5394,460
5395,461
5396,460
5397,459
5398,458
5399,459
5400,458
5401,459
5402,460
5403,460
5404,460
5405,459
5406,458
5407,457
5408,456
5409,456
5410,456
5411,456
5412,455
5413,456
5414,457
5415,456
5416,456
5417,457
5418,457
5419,458
5420,458
5421,459
5422,459
5423,460
5424,460
5425,460
5426,460
5427,461
5428,461
5429,461
5430,461
5431,461
5432,462
5433,463
5434,462
5435,462
5436,462
5437,462
5438,463
5439,463
5440,463
5441,463
5442,463
5443,463
5444,462
5445,463
5446,462
5447,461
5448,462
5449,463
5450,463
5451,463
5452,463
5453,462
5454,462
5455,463
5456,464
5457,465
5458,466
5459,465
5460,466
5461,465
5462,465
5463,466
5464,466
5465,467
5466,468
5467,468
5468,468
5469,468
5470,468
5471,469
5472,469
5473,468
5474,469
5475,470
5476,469
5477,469
5478,468
5479,467
5480,466
5481,466
5482,466
5483,466
5484,466
5485,465
5486,464
5487,464
5488,465
5489,466
5490,467
5491,467
5492,467
5493,467
5494,468
5495,468
5496,469
5497,469
5498,468
5499,467
5500,468
5501,468
5502,468
5503,468
5504,468
5505,467
5506,468
5507,468
5508,469
5509,468
5510,467
5511,467
5512,467
5513,466
5514,467
5515,468
5516,469
5517,470
5518,470
5519,470
5520,471
5521,470
5522,470
5523,470
5524,471
5525,472
5526,472
5527,472
5528,472
5529,472
5530,471
5531,471
5532,471
5533,471
5534,471
5535,471
5536,472
5537,471
5538,470
5539,470
5540,470
5541,469
5542,469
5543,469
5544,468
5545,468
5546,467
5547,467
5548,468
5549,468
5550,468
5551,468
5552,467
5553,467
5554,467
5555,467
5556,466
5557,467
5558,468
5559,467
5560,468
5561,468
5562,468
5563,468
5564,467
5565,468
5566,468
5567,468
5568,468
5569,467
5570,468
5571,468
5572,468
5573,469
5574,470
5575,470
5576,471
5577,471
5578,472
5579,471
5580,471
5581,471
5582,471
5583,472
5584,472
5585,471
5586,471
5587,471
5588,471
5589,471
5590,471
5591,472
5592,472
5593,472
5594,472
5595,472
5596,472
5597,471
5598,471
5599,470
5600,470
5601,470
5602,470
5603,470
5604,470
5605,470
5606,470
5607,470
5608,470
5609,470
5610,470
5611,470
5612,470
5613,470
5614,470
5615,469
5616,469
5617,469
5618,470
5619,469
5620,469
5621,469
5622,469
5623,469
5624,470
5625,470
5626,470
5627,470
5628,469
5629,470
5630,470
5631,469
5632,469
5633,470
5634,470
5635,469
5636,468
5637,469
5638,470
5639,470
5640,469
5641,470
5642,471
5643,471
5644,471
5645,471
5646,471
5647,471
5648,471
5649,470
5650,471
5651,471
5652,471
5653,472
5654,473
5655,473
5656,474
5657,474
5658,475
5659,474
5660,474
5661,474
5662,474
5663,473
5664,473
5665,472
5666,473
5667,473
5668,472
5669,471
5670,471
5671,472
5672,472
5673,471
5674,470
5675,471
5676,472
5677,473
5678,472
5679,471
5680,472
5681,471
5682,470
5683,470
5684,469
5685,468
5686,468
5687,468
5688,468
5689,467
5690,467
5691,468
5692,468
5693,468
5694,467
5695,467
5696,467
5697,467
5698,467
5699,468
5700,468
5701,468
5702,467
5703,467
5704,466
5705,467
5706,467
5707,467
5708,467
5709,466
5710,467
5711,468
5712,467
5713,467
5714,468
5715,468
5716,468
5717,468
5718,467
5719,468
5720,468
5721,469
5722,469
5723,469
5724,469
5725,470
5726,470
5727,470
5728,470
5729,470
5730,470
5731,469
5732,468
5733,467
5734,467
5735,467
5736,468
5737,468
5738,467
5739,467
5740,468
5741,469
5742,468
5743,467
5744,467
5745,467
5746,466
5747,465
5748,464
5749,463
5750,463
5751,462
5752,463
5753,463
5754,463
5755,463
5756,463
5757,463
5758,463
5759,463
5760,463
5761,463
5762,464
5763,464
5764,463
5765,463
5766,463
5767,463
5768,463
5769,463
5770,462
5771,461
5772,460
5773,460
5774,461
5775,462
5776,462
5777,462
5778,462
5779,462
5780,462
5781,461
5782,462
5783,462
5784,463
5785,464
5786,464
5787,464
5788,465
5789,465
5790,464
5791,463
5792,463
5793,463
5794,463
5795,463
5796,463
5797,463
5798,464
5799,464
5800,464
5801,464
5802,465
5803,465
5804,466
5805,467
5806,466
5807,465
5808,465
5809,466
5810,465
5811,465
5812,465
5813,465
5814,465
5815,466
5816,465
5817,465
5818,464
5819,465
5820,466
5821,466
5822,466
5823,466
5824,466
5825,467
5826,467
5827,468
5828,468
5829,468
5830,467
5831,466
5832,467
5833,468
5834,468
5835,468
5836,467
5837,468
5838,468
5839,469
5840,469
5841,469
5842,469
5843,469
5844,469
5845,470
5846,470
5847,470
5848,470
5849,470
5850,469
5851,470
5852,470
5853,470
5854,469
5855,470
5856,469
5857,469
5858,469
5859,469
5860,470
5861,470
5862,470
5863,470
5864,471
5865,471
5866,472
5867,472
5868,471
5869,471
5870,472
5871,472
5872,471
5873,470
5874,469
5875,469
5876,469
5877,468
5878,467
5879,466
5880,467
5881,467
5882,466
5883,466
5884,466
5885,466
5886,465
5887,466
5888,466
5889,466
5890,466
5891,467
5892,467
5893,467
5894,467
5895,466
5896,467
5897,468
5898,468
5899,468
5900,469
5901,469
5902,470
5903,471
5904,471
5905,472
5906,473
5907,472
5908,472
5909,473
5910,473
5911,473
5912,472
5913,472
5914,472
5915,472
5916,473
5917,474
5918,474
5919,474
5920,474
5921,473
5922,474
5923,473
5924,473
5925,472
5926,472
5927,472
5928,472
5929,472
5930,472
5931,473
5932,474
5933,473
5934,473
5935,473
5936,474
5937,474
5938,475
5939,474
5940,473
5941,473
5942,472
5943,471
5944,471
5945,471
5946,470
5947,470
5948,471
5949,470
5950,469
5951,469
5952,469
5953,468
5954,468
5955,469
5956,469
5957,469
5958,468
5959,467
5960,468
5961,469
5962,470
5963,471
5964,471
5965,472
5966,472
5967,473
5968,473
5969,473
5970,472
5971,472
5972,472
5973,473
5974,472
5975,471
5976,472
5977,472
5978,473
5979,472
5980,471
5981,471
5982,471
5983,471
5984,471
5985,471
5986,471
5987,470
5988,469
5989,469
5990,469
5991,468
5992,469
5993,470
5994,470
5995,470
5996,469
5997,469
5998,469
5999,468
6000,468
6001,469
6002,468
6003,469
6004,469
6005,469
6006,470
6007,470
6008,471
6009,470
6010,470
6011,471
6012,471
6013,471
6014,472
6015,472
6016,473
6017,473
6018,474
6019,474
6020,474
6021,474
6022,475
6023,475
6024,475
6025,475
6026,476
6027,477
6028,478
6029,479
6030,478
6031,477
6032,477
6033,477
6034,477
6035,476
6036,476
6037,477
6038,477
6039,477
6040,477
6041,477
6042,477
6043,478
6044,478
6045,478
6046,478
6047,477
6048,476
6049,475
6050,475
6051,476
6052,475
6053,474
6054,475
6055,475
6056,476
6057,477
6058,477
6059,477
6060,478
6061,478
6062,479
6063,480
6064,481
6065,482
6066,482
6067,482
6068,482
6069,482
6070,482
6071,482
6072,481
6073,482
6074,483
6075,483
6076,483
6077,482
6078,482
6079,481
6080,482
6081,481
6082,481
6083,480
6084,480
6085,480
6086,480
6087,480
6088,480
6089,481
6090,481
6091,481
6092,481
6093,480
6094,480
6095,480
6096,480
6097,480
6098,480
6099,481
6100,481
6101,480
6102,480
6103,480
6104,481
6105,480
6106,480
6107,481
6108,481
6109,481
6110,480
6111,479
6112,479
6113,480
6114,480
6115,479
6116,478
6117,478
6118,478
6119,479
6120,480
6121,480
6122,480
6123,480
6124,480
6125,481
6126,480
6127,481
6128,482
6129,481
6130,480
6131,479
6132,478
6133,477
6134,476
6135,475
6136,476
6137,475
6138,475
6139,475
6140,475
6141,476
6142,476
6143,475
6144,475
6145,474
6146,474
6147,474
6148,474
6149,474
6150,474
6151,474
6152,474
6153,474
6154,474
6155,475
6156,474
6157,475
6158,475
6159,475
6160,476
6161,476
6162,477
6163,478
6164,478
6165,478
6166,479
6167,480
6168,480
6169,481
6170,481
6171,482
6172,482
6173,483
6174,484
6175,484
6176,484
6177,484
6178,484
6179,484
6180,483
6181,483
6182,484
6183,485
6184,485
6185,485
6186,485
6187,486
6188,486
6189,485
6190,484
6191,485
6192,484
6193,484
6194,485
6195,485
6196,485
6197,486
6198,485
6199,485
6200,486
6201,486
6202,486
6203,486
6204,486
6205,486
6206,486
6207,486
6208,486
6209,486
6210,486
6211,485
6212,486
6213,486
6214,486
6215,487
6216,486
6217,486
6218,486
6219,487
6220,487
6221,487
6222,488
6223,488
6224,487
6225,487
6226,488
6227,488
6228,488
6229,487
6230,488
6231,487
6232,487
6233,487
6234,487
6235,487
6236,487
6237,486
6238,486
6239,485
6240,485
6241,484
6242,484
6243,484
6244,484
6245,484
6246,484
6247,484
6248,485
6249,485
6250,486
6251,485
6252,485
6253,486
6254,486
6255,486
6256,486
6257,485
6258,486
6259,485
6260,485
6261,485
6262,485
6263,484
6264,484
6265,484
6266,484
6267,484
6268,484
6269,485
6270,484
6271,484
6272,484
6273,484
6274,485
6275,485
6276,485
6277,485
6278,485
6279,485
6280,485
6281,486
6282,487
6283,488
6284,489
6285,489
6286,490
6287,490
6288,489
6289,489
6290,490
6291,490
6292,490
6293,489
6294,489
6295,489
6296,488
6297,488
6298,487
6299,487
6300,488
6301,487
6302,487
6303,486
6304,486
6305,487
6306,486
6307,486
6308,486
6309,486
6310,487
6311,487
6312,487
6313,486
6314,486
6315,486
6316,485
6317,485
6318,484
6319,483
6320,483
6321,483
6322,484
6323,484
6324,484
6325,485
6326,486
6327,487
6328,488
6329,487
6330,487
6331,488
6332,487
6333,488
6334,488
6335,488
6336,488
6337,487
6338,486
6339,486
6340,486
6341,486
6342,487
6343,486
6344,485
6345,486
6346,486
6347,485
6348,485
6349,484
6350,485
6351,485
6352,484
6353,484
6354,483
6355,483
6356,482
6357,482
6358,482
6359,482
6360,483
6361,482
6362,481
6363,481
6364,482
6365,481
6366,480
6367,480
6368,480
6369,480
6370,479
6371,479
6372,479
6373,479
6374,479
6375,479
6376,479
6377,479
6378,478
6379,477
6380,477
6381,476
6382,477
6383,477
6384,476
6385,476
6386,475
6387,476
6388,475
6389,474
6390,473
6391,473
6392,472
6393,472
6394,472
6395,471
6396,471
6397,470
6398,470
6399,469
6400,470
6401,471
6402,472
6403,473
6404,474
6405,473
6406,472
6407,473
6408,472
6409,473
6410,474
6411,473
6412,473
6413,473
6414,473
6415,473
6416,474
6417,474
6418,475
6419,474
6420,473
6421,473
6422,472
6423,472
6424,473
6425,473
6426,473
6427,472
6428,472
6429,472
6430,473
6431,473
6432,473
6433,472
6434,471
6435,471
6436,471
6437,472
6438,472
6439,471
6440,470
6441,471
6442,471
6443,470
6444,469
6445,469
6446,468
6447,467
6448,467
6449,467
6450,467
6451,467
6452,466
6453,466
6454,466
6455,466
6456,466
6457,466
6458,466
6459,466
6460,465
6461,466
6462,466
6463,466
6464,466
6465,466
6466,466
6467,466
6468,466
6469,466
6470,465
6471,465
6472,464
6473,464
6474,464
6475,465
6476,465
6477,465
6478,466
6479,465
6480,465
6481,465
6482,465
6483,465
6484,465
6485,465
6486,464
6487,465
6488,465
6489,466
6490,466
6491,467
6492,468
6493,469
6494,468
6495,468
6496,468
6497,469
6498,469
6499,469
6500,470
6501,470
6502,470
6503,470
6504,469
6505,469
6506,469
6507,469
6508,468
6509,468
6510,468
6511,467
6512,468
6513,468
6514,469
6515,469
6516,469
6517,470
6518,471
6519,471
6520,470
6521,469
6522,470
6523,470
6524,471
6525,471
6526,471
6527,472
6528,472
6529,473
6530,474
6531,475
6532,475
6533,475
6534,474
6535,474
6536,473
6537,473
6538,472
6539,472
6540,472
6541,471
6542,472
6543,472
6544,471
6545,472
6546,472
6547,472
6548,472
6549,471
6550,472
6551,472
6552,471
6553,472
6554,472
6555,472
6556,472
6557,472
6558,471
6559,471
6560,471
6561,472
6562,471
6563,472
6564,473
6565,473
6566,473
6567,472
6568,472
6569,472
6570,472
6571,472
6572,472
6573,471
6574,472
6575,473
6576,474
6577,474
6578,473
6579,474
6580,473
6581,474
6582,474
6583,473
6584,474
6585,475
6586,475
6587,475
6588,475
6589,475
6590,476
6591,475
6592,474
6593,475
6594,474
6595,474
6596,473
6597,472
6598,473
6599,473
6600,472
6601,471
6602,471
6603,471
6604,471
6605,470
6606,470
6607,469
6608,468
6609,467
6610,468
6611,468
6612,468
6613,468
6614,467
6615,467
6616,467
6617,467
6618,467
6619,467
6620,467
6621,468
6622,468
6623,469
6624,468
6625,467
6626,466
6627,465
6628,464
6629,464
6630,464
6631,463
6632,463
6633,463
6634,464
6635,464
6636,463
6637,463
6638,462
6639,462
6640,461
6641,461
6642,461
6643,461
6644,461
6645,461
6646,461
6647,461
6648,461
6649,462
6650,463
6651,462
6652,461
6653,461
6654,460
6655,459
6656,458
6657,457
6658,458
6659,459
6660,459
6661,458
6662,457
6663,456
6664,456
6665,457
6666,457
6667,458
6668,459
6669,458
6670,458
6671,458
6672,458
6673,458
6674,458
6675,458
6676,457
6677,458
6678,459
6679,458
6680,459
6681,460
6682,460
6683,460
6684,461
6685,461
6686,462
6687,463
6688,463
6689,463
6690,462
6691,461
6692,461
6693,461
6694,461
6695,460
6696,460
6697,459
6698,459
6699,459
6700,458
6701,457
6702,456
6703,456
6704,456
6705,456
6706,456
6707,456
6708,457
6709,456
6710,456
6711,455
6712,454
6713,454
6714,454
6715,454
6716,454
6717,455
6718,455
6719,454
6720,454
6721,454
6722,454
6723,454
6724,453
6725,453
6726,452
6727,451
6728,451
6729,452
6730,451
6731,451
6732,451
6733,450
6734,449
6735,448
6736,448
6737,447
6738,446
6739,447
6740,447
6741,447
6742,446
6743,446
6744,445
6745,446
6746,446
6747,446
6748,446
6749,445
6750,444
6751,443
6752,444
6753,443
6754,443
6755,444
6756,444
6757,443
6758,443
6759,444
6760,444
6761,445
6762,445
6763,445
6764,446
6765,446
6766,446
6767,446
6768,446
6769,445
6770,445
6771,445
6772,444
6773,444
6774,444
6775,444
6776,444
6777,444
6778,445
6779,444
6780,443
6781,443
6782,444
6783,444
6784,445
6785,445
6786,445
6787,444
6788,444
6789,444
6790,444
6791,445
6792,444
6793,444
6794,443
6795,443
6796,443
6797,443
6798,443
6799,443
6800,443
6801,444
6802,443
6803,443
6804,444
6805,443
6806,443
6807,442
6808,442
6809,442
6810,442
6811,441
6812,442
6813,443
6814,442
6815,443
6816,444
6817,444
6818,444
6819,444
6820,444
6821,444
6822,443
6823,443
6824,444
6825,443
6826,443
6827,443
6828,443
6829,443
6830,444
6831,444
6832,443
6833,442
6834,443
6835,443
6836,444
6837,443
6838,442
6839,443
6840,442
6841,442
6842,441
6843,441
6844,441
6845,440
6846,439
6847,439
6848,439
6849,439
6850,440
6851,440
6852,439
6853,439
6854,440
6855,439
6856,439
6857,439
6858,439
6859,440
6860,439
6861,439
6862,439
6863,439
6864,439
6865,438
6866,438
6867,437
6868,436
6869,436
6870,437
6871,437
6872,437
6873,438
6874,438
6875,438
6876,438
6877,438
6878,438
6879,438
6880,437
6881,436
6882,436
6883,435
6884,434
6885,434
6886,434
6887,435
6888,435
6889,435
6890,435
6891,435
6892,434
6893,434
6894,434
6895,434
6896,434
6897,434
6898,434
6899,435
6900,435
6901,434
6902,434
6903,433
6904,432
6905,431
6906,431
6907,430
6908,429
6909,429
6910,428
6911,428
6912,428
6913,428
6914,428
6915,428
6916,429
6917,429
6918,429
6919,429
6920,429
6921,430
6922,429
6923,429
6924,430
6925,429
6926,429
6927,429
6928,429
6929,429
6930,429
6931,430
6932,430
6933,429
6934,429
6935,428
6936,428
6937,428
6938,428
6939,429
6940,430
6941,430
6942,429
6943,428
6944,428
6945,428
6946,428
6947,427
6948,426
6949,426
6950,426
6951,427
6952,427
6953,426
6954,427
6955,427
6956,426
6957,426
6958,427
6959,428
6960,429
6961,428
6962,428
6963,427
6964,427
6965,427
6966,427
6967,428
6968,428
6969,429
6970,428
6971,428
6972,428
6973,429
6974,429
6975,429
6976,429
6977,428
6978,427
6979,427
6980,426
6981,426
6982,427
6983,427
6984,427
6985,427
6986,427
6987,428
6988,427
6989,426
6990,427
6991,428
6992,429
6993,430
6994,431
6995,431
6996,431
6997,431
6998,432
6999,433
7000,434
7001,433
7002,434
7003,434
7004,434
7005,435
7006,436
7007,435
7008,435
7009,436
7010,436
7011,436
7012,435
7013,436
7014,436
7015,436
7016,437
7017,438
7018,439
7019,438
7020,437
7021,437
7022,437
7023,438
7024,438
7025,438
7026,438
7027,437
7028,436
7029,436
7030,435
7031,436
7032,436
7033,436
7034,436
7035,436
7036,436
7037,436
7038,436
7039,435
7040,435
7041,434
7042,435
7043,436
7044,436
7045,436
7046,435
7047,436
7048,436
7049,436
7050,437
7051,437
7052,438
7053,438
7054,438
7055,437
7056,437
7057,436
7058,437
7059,437
7060,437
7061,437
7062,438
7063,437
7064,437
7065,438
7066,437
7067,436
7068,436
7069,435
7070,436
7071,435
7072,435
7073,435
7074,435
7075,435
7076,434
7077,435
7078,436
7079,435
7080,436
7081,435
7082,435
7083,435
7084,435
7085,435
7086,434
7087,433
7088,433
7089,432
7090,433
7091,432
7092,431
7093,432
7094,433
7095,433
7096,433
7097,432
7098,433
7099,434
7100,434
7101,435
7102,434
7103,434
7104,435
7105,435
7106,435
7107,435
7108,434
7109,435
7110,436
7111,435
7112,436
7113,435
7114,436
7115,436
7116,436
7117,435
7118,434
7119,434
7120,434
7121,434
7122,434
7123,435
7124,435
7125,434
7126,435
7127,436
7128,435
7129,435
7130,434
7131,435
7132,435
7133,436
7134,436
7135,437
7136,436
7137,436
7138,436
7139,436
7140,436
7141,435
7142,435
7143,435
7144,436
7145,437
7146,438
7147,438
7148,439
7149,439
7150,438
7151,439
7152,438
7153,439
7154,439
7155,439
7156,440
7157,441
7158,440
7159,441
7160,441
7161,441
7162,441
7163,440
7164,440
7165,440
7166,439
7167,438
7168,437
7169,437
7170,436
7171,437
7172,437
7173,438
7174,439
7175,439
7176,439
7177,438
7178,439
7179,438
7180,437
7181,437
7182,438
7183,439
7184,439
7185,440
7186,440
7187,439
7188,438
7189,437
7190,436
7191,435
7192,435
7193,434
7194,435
7195,436
7196,435
7197,436
7198,437
7199,437
7200,438
7201,438
7202,438
7203,437
7204,437
7205,437
7206,437
7207,437
7208,437
7209,436
7210,437
7211,437
7212,437
7213,437
7214,436
7215,437
7216,438
7217,437
7218,436
7219,435
7220,435
7221,435
7222,435
7223,435
7224,435
7225,436
7226,435
7227,434
7228,433
7229,434
7230,435
7231,436
7232,437
7233,436
7234,436
7235,437
7236,438
7237,438
7238,437
7239,437
7240,437
7241,437
7242,437
7243,437
7244,437
7245,437
7246,437
7247,438
7248,439
7249,439
7250,439
7251,439
7252,438
7253,438
7254,439
7255,440
7256,440
7257,439
7258,439
7259,439
7260,440
7261,440
7262,439
7263,439
7264,439
7265,438
7266,437
7267,437
7268,437
7269,436
7270,435
7271,435
7272,435
7273,436
7274,437
7275,436
7276,436
7277,436
7278,437
7279,438
7280,438
7281,438
7282,438
7283,438
7284,438
7285,439
7286,439
7287,439
7288,439
7289,440
7290,439
7291,439
7292,439
7293,438
7294,438
7295,439
7296,439
7297,439
7298,439
7299,440
7300,441
7301,440
7302,440
7303,439
7304,440
7305,440
7306,439
7307,439
7308,438
7309,438
7310,438
7311,437
7312,438
7313,439
7314,440
7315,440
7316,439
7317,439
7318,438
7319,438
7320,437
7321,437
7322,437
7323,437
7324,437
7325,436
7326,437
7327,436
7328,436
7329,437
7330,438
7331,438
7332,437
7333,438
7334,437
7335,437
7336,438
7337,438
7338,438
7339,438
7340,439
7341,439
7342,439
7343,440
7344,440
7345,439
7346,438
7347,437
7348,437
7349,437
7350,438
7351,438
7352,437
7353,436
7354,436
7355,435
7356,434
7357,434
7358,433
7359,432
7360,432
7361,432
7362,432
7363,432
7364,432
7365,432
7366,432
7367,433
7368,433
7369,433
7370,432
7371,431
7372,431
7373,431
7374,431
7375,430
7376,430
7377,431
7378,431
7379,430
7380,430
7381,430
7382,429
7383,429
7384,430
7385,430
7386,431
7387,432
7388,431
7389,430
7390,430
7391,429
7392,429
7393,429
7394,429
7395,430
7396,430
7397,430
7398,429
7399,428
7400,428
7401,428
7402,428
7403,428
7404,428
7405,427
7406,427
7407,427
7408,427
7409,426
7410,426
7411,426
7412,426
7413,427
7414,427
7415,427
7416,427
7417,427
7418,426
7419,426
7420,426
7421,427
7422,428
7423,429
7424,429
7425,429
7426,430
7427,430
7428,430
7429,431
7430,431
7431,431
7432,432
7433,433
7434,434
7435,434
7436,435
7437,434
7438,435
7439,435
7440,436
7441,436
7442,437
7443,437
7444,438
7445,439
7446,439
7447,439
7448,439
7449,439
7450,439
7451,438
7452,438
7453,438
7454,438
7455,438
7456,437
7457,436
7458,435
7459,435
7460,435
7461,436
7462,436
7463,436
7464,436
7465,437
7466,437
7467,437
7468,438
7469,438
7470,438
7471,438
7472,438
7473,438
7474,437
7475,436
7476,436
7477,437
7478,437
7479,438
7480,438
7481,438
7482,437
7483,437
7484,437
7485,436
7486,436
7487,437
7488,437
7489,437
7490,436
7491,436
7492,435
7493,435
7494,435
7495,435
7496,435
7497,435
7498,434
7499,434
7500,434
7501,435
7502,436
7503,436
7504,436
7505,436
7506,436
7507,435
7508,435
7509,435
7510,435
7511,434
7512,435
7513,435
7514,436
7515,436
7516,437
7517,438
7518,438
7519,439
7520,440
7521,439
7522,439
7523,439
7524,440
7525,440
7526,441
7527,440
7528,439
7529,440
7530,441
7531,441
7532,441
7533,441
7534,441
7535,442
7536,443
7537,443
7538,444
7539,445
7540,445
7541,446
7542,446
7543,447
7544,447
7545,448
7546,447
7547,447
7548,447
7549,446
7550,446
7551,446
7552,447
7553,447
7554,447
7555,447
7556,446
7557,445
7558,445
7559,445
7560,445
7561,445
7562,446
7563,446
7564,445
7565,445
7566,445
7567,446
7568,446
7569,447
7570,447
7571,446
7572,445
7573,446
7574,447
7575,447
7576,447
7577,446
7578,447
7579,446
7580,447
7581,446
7582,446
7583,447
7584,447
7585,447
7586,447
7587,448
7588,448
7589,448
7590,449
7591,450
7592,449
7593,450
7594,450
7595,450
7596,451
7597,452
7598,452
7599,452
7600,452
7601,451
7602,450
7603,451
7604,452
7605,453
7606,454
7607,455
7608,455
7609,455
7610,454
7611,454
7612,454
7613,454
7614,453
7615,454
7616,453
7617,454
7618,454
7619,454
7620,455
7621,454
7622,453
7623,453
7624,453
7625,453
7626,452
7627,451
7628,451
7629,451
7630,451
7631,452
7632,453
7633,452
7634,453
7635,453
7636,452
7637,452
7638,453
7639,453
7640,453
7641,453
7642,454
7643,453
7644,453
7645,453
7646,452
7647,452
7648,452
7649,452
7650,453
7651,453
7652,454
7653,454
7654,455
7655,454
7656,454
7657,454
7658,453
7659,453
7660,452
7661,452
7662,452
7663,453
7664,453
7665,453
7666,454
7667,455
7668,455
7669,455
7670,456
7671,456
7672,457
7673,458
7674,458
7675,458
7676,458
7677,459
7678,460
7679,460
7680,459
7681,459
7682,459
7683,460
7684,461
7685,462
7686,463
7687,463
7688,464
7689,464
7690,464
7691,464
7692,463
7693,463
7694,463
7695,463
7696,463
7697,462
7698,462
7699,462
7700,463
7701,463
7702,462
7703,463
7704,463
7705,464
7706,464
7707,464
7708,465
7709,465
7710,465
7711,465
7712,466
7713,465
7714,466
7715,466
7716,465
7717,465
7718,465
7719,466
7720,466
7721,467
7722,467
7723,467
7724,466
7725,466
7726,465
7727,465
7728,465
7729,465
7730,466
7731,465
7732,466
7733,465
7734,465
7735,465
7736,465
7737,465
7738,465
7739,465
7740,466
7741,466
7742,466
7743,467
7744,467
7745,468
7746,467
7747,468
7748,468
7749,469
7750,470
7751,470
7752,471
7753,472
7754,473
7755,472
7756,472
7757,473
7758,472
7759,472
7760,472
7761,471
7762,472
7763,473
7764,473
7765,473
7766,473
7767,474
7768,473
7769,472
7770,471
7771,472
7772,471
7773,471
7774,470
7775,470
7776,470
7777,470
7778,470
7779,469
7780,469
7781,469
7782,470
7783,470
7784,470
7785,469
7786,469
7787,470
7788,470
7789,470
7790,470
7791,470
7792,471
7793,470
7794,471
7795,470
7796,470
7797,469
7798,470
7799,469
7800,468
7801,469
7802,469
7803,470
7804,470
7805,470
7806,471
7807,471
7808,472
7809,473
7810,473
7811,473
7812,474
7813,474
7814,474
7815,474
7816,474
7817,474
7818,475
7819,475
7820,475
7821,476
7822,476
7823,476
7824,477
7825,476
7826,476
7827,477
7828,478
7829,479
7830,479
7831,480
7832,479
7833,479
7834,479
7835,480
7836,480
7837,480
7838,480
7839,480
7840,479
7841,480
7842,480
7843,480
7844,479
7845,479
7846,480
7847,480
7848,480
7849,480
7850,479
7851,480
7852,481
7853,481
7854,481
7855,481
7856,481
7857,481
7858,480
7859,480
7860,480
7861,480
7862,480
7863,479
7864,480
7865,481
7866,480
7867,481
7868,481
7869,481
7870,482
7871,482
7872,482
7873,482
7874,481
7875,480
7876,480
7877,479
7878,479
7879,480
7880,480
7881,480
7882,481
7883,480
7884,479
7885,479
7886,479
7887,480
7888,481
7889,481
7890,480
7891,480
7892,480
7893,480
7894,480
7895,480
7896,480
7897,481
7898,482
7899,483
7900,483
7901,482
7902,481
7903,482
7904,482
7905,482
7906,481
7907,481
7908,481
7909,481
7910,481
7911,481
7912,481
7913,481
7914,482
7915,483
7916,482
7917,482
7918,482
7919,482
7920,483
7921,482
7922,483
7923,484
7924,483
7925,482
7926,482
7927,481
7928,482
7929,483
7930,483
7931,483
7932,482
7933,482
7934,481
7935,480
7936,480
7937,480
7938,479
7939,480
7940,480
7941,481
7942,481
7943,482
7944,481
7945,481
7946,482
7947,483
7948,483
7949,483
7950,483
7951,483
7952,484
7953,484
7954,484
7955,484
7956,483
7957,482
7958,482
7959,481
7960,481
7961,481
7962,482
7963,483
7964,482
7965,483
7966,482
7967,482
7968,481
7969,481
7970,481
7971,481
7972,480
7973,481
7974,481
7975,481
7976,481
7977,481
7978,481
7979,481
7980,480
7981,481
7982,482
7983,482
7984,481
7985,482
7986,482
7987,483
7988,483
7989,483
7990,483
7991,483
7992,484
7993,485
7994,484
7995,485
7996,485
7997,485
7998,485
7999,485
8000,485
8001,485
8002,485
8003,485
8004,486
8005,485
8006,485
8007,485
8008,486
8009,487
8010,488
8011,489
8012,489
8013,489
8014,490
8015,490
8016,490
8017,490
8018,490
8019,489
8020,489
8021,488
8022,489
8023,489
8024,488
8025,488
8026,488
8027,487
8028,486
8029,486
8030,485
8031,485
8032,485
8033,484
8034,484
8035,485
8036,485
8037,485
8038,484
8039,483
8040,483
8041,483
8042,483
8043,483
8044,483
8045,482
8046,481
8047,481
8048,482
8049,482
8050,482
8051,483
8052,484
8053,484
8054,484
8055,485
8056,486
8057,487
8058,487
8059,487
8060,487
8061,487
8062,487
8063,487
8064,486
8065,486
8066,486
8067,485
8068,484
8069,485
8070,484
8071,485
8072,485
8073,485
8074,485
8075,485
8076,486
8077,486
8078,486
8079,486
8080,486
8081,487
8082,487
8083,487
8084,486
8085,487
8086,487
8087,488
8088,488
8089,489
8090,489
8091,489
8092,489
8093,490
8094,490
8095,491
8096,492
8097,492
8098,492
8099,491
8100,492
8101,492
8102,492
8103,492
8104,493
8105,494
8106,495
8107,496
8108,495
8109,495
8110,496
8111,497
8112,497
8113,496
8114,495
8115,495
8116,494
8117,494
8118,494
8119,495
8120,496
8121,496
8122,496
8123,497
8124,496
8125,496
8126,497
8127,496
8128,497
8129,498
8130,497
8131,497
8132,496
8133,496
8134,496
8135,496
8136,497
8137,497
8138,496
8139,497
8140,498
8141,498
8142,499
8143,498
8144,498
8145,497
8146,497
8147,496
8148,496
8149,497
8150,496
8151,496
8152,496
8153,497
8154,497
8155,496
8156,496
8157,495
8158,495
8159,495
8160,495
8161,495
8162,494
8163,494
8164,493
8165,494
8166,494
8167,495
8168,494
8169,494
8170,494
8171,494
8172,495
8173,496
8174,495
8175,496
8176,496
8177,496
8178,496
8179,495
8180,494
8181,495
8182,494
8183,495
8184,495
8185,494
8186,494
8187,493
8188,493
8189,493
8190,493
8191,492
8192,491
8193,491
8194,490
8195,489
8196,490
8197,491
8198,490
8199,490
8200,490
8201,490
8202,489
8203,488
8204,489
8205,489
8206,488
8207,489
8208,490
8209,489
8210,490
8211,489
8212,488
8213,489
8214,489
8215,489
8216,490
8217,491
8218,491
8219,492
8220,492
8221,493
8222,493
8223,492
8224,493
8225,493
8226,493
8227,493
8228,493
8229,492
8230,492
8231,493
8232,492
8233,493
8234,494
8235,495
8236,494
8237,494
8238,495
8239,496
8240,496
8241,497
8242,496
8243,496
8244,496
8245,496
8246,497
8247,498
8248,498
8249,498
8250,498
8251,497
8252,497
8253,497
8254,497
8255,497
8256,497
8257,498
8258,498
8259,498
8260,497
8261,498
8262,497
8263,496
8264,495
8265,494
8266,493
8267,493
8268,493
8269,492
8270,492
8271,491
8272,492
8273,491
8274,491
8275,491
8276,491
8277,491
8278,491
8279,492
8280,492
8281,493
8282,493
8283,494
8284,493
8285,492
8286,492
8287,493
8288,492
8289,492
8290,492
8291,492
8292,493
8293,494
8294,494
8295,493
8296,493
8297,492
8298,492
8299,492
8300,492
8301,492
8302,492
8303,493
8304,492
8305,492
8306,492
8307,493
8308,493
8309,493
8310,493
8311,493
8312,494
8313,493
8314,493
8315,494
8316,494
8317,494
8318,493
8319,492
8320,491
8321,492
8322,493
8323,493
8324,493
8325,494
8326,494
8327,493
8328,492
8329,493
8330,493
8331,492
8332,491
8333,491
8334,491
8335,490
8336,489
8337,489
8338,489
8339,489
8340,490
8341,490
8342,490
8343,490
8344,490
8345,490
8346,490
8347,491
8348,491
8349,492
8350,492
8351,492
8352,492
8353,493
8354,493
8355,493
8356,493
8357,493
8358,493
8359,492
8360,491
8361,491
8362,492
8363,493
8364,494
8365,494
8366,495
8367,495
8368,494
8369,494
8370,494
8371,494
8372,493
8373,494
8374,493
8375,493
8376,493
8377,494
8378,495
8379,495
8380,495
8381,496
8382,496
8383,497
8384,497
8385,497
8386,497
8387,497
8388,497
8389,496
8390,495
8391,495
8392,494
8393,494
8394,494
8395,495
8396,495
8397,494
8398,494
8399,494
8400,493
8401,493
8402,494
8403,494
8404,495
8405,495
8406,494
8407,494
8408,493
8409,493
8410,492
8411,491
8412,491
8413,490
8414,490
8415,491
8416,491
8417,490
8418,490
8419,489
8420,490
8421,491
8422,490
8423,489
8424,490
8425,490
8426,490
8427,491
8428,491
8429,490
8430,489
8431,488
8432,488
8433,487
8434,487
8435,487
8436,488
8437,488
8438,488
8439,489
8440,489
8441,489
8442,489
8443,489
8444,489
8445,488
8446,488
8447,488
8448,487
8449,488
8450,489
8451,489
8452,490
8453,490
8454,490
8455,490
8456,489
8457,490
8458,490
8459,491
8460,490
8461,489
8462,488
8463,488
8464,487
8465,486
8466,486
8467,485
8468,485
8469,486
8470,486
8471,486
8472,485
8473,485
8474,486
8475,487
8476,486
8477,486
8478,487
8479,488
8480,487
8481,486
8482,486
8483,487
8484,487
8485,487
8486,488
8487,487
8488,487
8489,487
8490,487
8491,487
8492,487
8493,487
8494,487
8495,486
8496,486
8497,486
8498,486
8499,486
8500,486
8501,486
8502,487
8503,487
8504,487
8505,487
8506,488
8507,487
8508,487
8509,488
8510,489
8511,489
8512,490
8513,490
8514,490
8515,489
8516,488
8517,488
8518,488
8519,489
8520,488
8521,488
8522,489
8523,489
8524,489
8525,489
8526,489
8527,489
8528,489
8529,488
8530,489
8531,488
8532,487
8533,488
8534,487
8535,487
8536,488
8537,489
8538,489
8539,488
8540,489
8541,489
8542,490
8543,490
8544,489
8545,489
8546,488
8547,488
8548,488
8549,488
8550,488
8551,489
8552,489
8553,490
8554,490
8555,490
8556,490
8557,490
8558,489
8559,489
8560,490
8561,489
8562,489
8563,488
8564,488
8565,489
8566,490
8567,490
8568,490
8569,491
8570,492
8571,492
8572,492
8573,491
8574,491
8575,492
8576,491
8577,492
8578,492
8579,492
8580,491
8581,491
8582,490
8583,489
8584,489
8585,489
8586,489
8587,489
8588,488
8589,488
8590,488
8591,488
8592,488
8593,488
8594,488
8595,488
8596,488
8597,487
8598,488
8599,489
8600,490
8601,490
8602,490
8603,490
8604,490
8605,490
8606,490
8607,489
8608,489
8609,489
8610,489
8611,490
8612,491
8613,492
8614,492
8615,491
8616,492
8617,492
8618,492
8619,493
8620,493
8621,493
8622,492
8623,492
8624,491
8625,492
8626,493
8627,494
8628,494
8629,493
8630,494
8631,495
8632,495
8633,496
8634,496
8635,496
8636,497
8637,498
8638,498
8639,498
8640,499
8641,499
8642,498
8643,498
8644,497
8645,497
8646,497
8647,496
8648,496
8649,495
8650,495
8651,494
8652,495
8653,495
8654,494
8655,494
8656,494
8657,494
8658,493
8659,493
8660,494
8661,494
8662,493
8663,494
8664,494
8665,495
8666,495
8667,495
8668,495
8669,494
8670,494
8671,493
8672,494
8673,494
8674,493
8675,493
8676,494
8677,495
8678,495
8679,496
8680,497
8681,497
8682,497
8683,496
8684,496
8685,496
8686,496
8687,497
8688,496
8689,496
8690,497
8691,496
8692,496
8693,496
8694,497
8695,497
8696,497
8697,498
8698,497
8699,497
8700,498
8701,499
8702,499
8703,499
8704,499
8705,499
8706,499
8707,499
8708,500
8709,500
8710,500
8711,500
8712,499
8713,498
8714,498
8715,497
8716,498
8717,499
8718,498
8719,497
8720,497
8721,497
8722,497
8723,497
8724,498
8725,497
8726,497
8727,498
8728,498
8729,499
8730,499
8731,499
8732,500
8733,500
8734,499
8735,499
8736,500
8737,500
8738,500
8739,499
8740,498
8741,497
8742,497
8743,497
8744,498
8745,498
8746,499
8747,500
8748,500
8749,500
8750,500
8751,501
8752,502
8753,502
8754,501
8755,501
8756,501
8757,501
8758,500
8759,501
8760,500
8761,501
8762,502
8763,502
8764,502
8765,503
8766,503
8767,504
8768,504
8769,505
8770,505
8771,505
8772,506
8773,506
8774,505
8775,506
8776,506
8777,506
8778,507
8779,508
8780,508
8781,508
8782,507
8783,507
8784,506
8785,506
8786,506
8787,505
8788,505
8789,504
8790,504
8791,504
8792,503
8793,503
8794,502
8795,503
8796,503
8797,503
8798,503
8799,503
8800,503
8801,503
8802,503
8803,503
8804,502
8805,503
8806,504
8807,504
8808,504
8809,503
8810,502
8811,502
8812,503
8813,503
8814,503
8815,503
8816,503
8817,503
8818,503
8819,503
8820,502
8821,502
8822,503
8823,502
8824,501
8825,502
8826,502
8827,502
8828,502
8829,502
8830,503
8831,504
8832,503
8833,503
8834,503
8835,503
8836,503
8837,504
8838,504
8839,503
8840,502
8841,502
8842,501
8843,501
8844,501
8845,502
8846,503
8847,502
8848,502
8849,503
8850,504
8851,505
8852,505
8853,505
8854,504
8855,503
8856,502
8857,502
8858,501
8859,501
8860,502
8861,502
8862,503
8863,504
8864,504
8865,504
8866,505
8867,506
8868,507
8869,506
8870,505
8871,506
8872,505
8873,505
8874,506
8875,505
8876,504
8877,504
8878,504
8879,504
8880,503
8881,502
8882,501
8883,502
8884,502
8885,503
8886,503
8887,503
8888,503
8889,503
8890,503
8891,503
8892,504
8893,503
8894,503
8895,504
8896,503
8897,503
8898,502
8899,501
8900,501
8901,501
8902,502
8903,502
8904,503
8905,503
8906,504
8907,505
8908,506
8909,507
8910,507
8911,506
8912,505
8913,505
8914,504
8915,504
8916,504
8917,503
8918,503
8919,503
8920,502
8921,503
8922,503
8923,504
8924,503
8925,502
8926,501
8927,502
8928,501
8929,500
8930,501
8931,500
8932,500
8933,500
8934,500
8935,499
8936,500
8937,500
8938,500
8939,501
8940,502
8941,501
8942,501
8943,501
8944,501
8945,500
8946,500
8947,501
8948,501
8949,501
8950,500
8951,500
8952,500
8953,500
8954,499
8955,499
8956,499
8957,499
8958,499
8959,499
8960,500
8961,500
8962,500
8963,500
8964,501
8965,501
8966,501
8967,500
8968,500
8969,501
8970,502
8971,502
8972,502
8973,502
8974,502
8975,503
8976,502
8977,501
8978,501
8979,500
8980,499
8981,498
8982,498
8983,499
8984,500
8985,500
8986,500
8987,500
8988,501
8989,501
8990,500
8991,499
8992,500
8993,500
8994,501
8995,501
8996,500
8997,500
8998,500
8999,501
9000,502
9001,501
9002,500
9003,499
9004,499
9005,499
9006,500
9007,500
9008,501
9009,501
9010,501
9011,500
9012,500
9013,500
9014,500
9015,501
9016,500
9017,500
9018,499
9019,499
9020,499
9021,499
9022,498
9023,498
9024,497
9025,496
9026,496
9027,496
9028,497
9029,498
9030,498
9031,498
9032,498
9033,498
9034,498
9035,499
9036,498
9037,499
9038,500
9039,499
9040,498
9041,497
9042,496
9043,497
9044,498
9045,498
9046,497
9047,497
9048,498
9049,498
9050,499
9051,500
9052,500
9053,500
9054,499
9055,500
9056,501
9057,500
9058,500
9059,501
9060,501
9061,501
9062,502
9063,503
9064,503
9065,503
9066,503
9067,504
9068,504
9069,503
9070,502
9071,501
9072,500
9073,499
9074,499
9075,499
9076,500
9077,500
9078,499
9079,499
9080,500
9081,500
9082,499
9083,499
9084,498
9085,497
9086,497
9087,498
9088,498
9089,497
9090,496
9091,495
9092,494
9093,495
9094,494
9095,495
9096,495
9097,496
9098,496
9099,497
9100,497
9101,497
9102,497
9103,496
9104,497
9105,498
9106,498
9107,497
9108,497
9109,496
9110,496
9111,496
9112,496
9113,496
9114,495
9115,495
9116,494
9117,495
9118,495
9119,495
9120,495
9121,495
9122,494
9123,495
9124,494
9125,494
9126,494
9127,493
9128,493
9129,493
9130,492
9131,492
9132,491
9133,490
9134,490
9135,489
9136,489
9137,488
9138,487
9139,486
9140,486
9141,487
9142,488
9143,488
9144,489
9145,489
9146,488
9147,488
9148,487
9149,488
9150,489
9151,490
9152,491
9153,490
9154,490
9155,491
9156,491
9157,490
9158,490
9159,490
9160,491
9161,491
9162,490
9163,490
9164,491
9165,490
9166,490
9167,490
9168,491
9169,491
9170,492
9171,491
9172,492
9173,492
9174,492
9175,492
9176,493
9177,492
9178,491
9179,490
9180,491
9181,492
9182,493
9183,493
9184,494
9185,493
9186,492
9187,491
9188,492
9189,492
9190,493
9191,493
9192,492
9193,492
9194,492
9195,491
9196,492
9197,492
9198,492
9199,491
9200,491
9201,492
9202,493
9203,494
9204,494
9205,494
9206,495
9207,495
9208,495
9209,495
9210,496
9211,497
9212,498
9213,498
9214,497
9215,497
9216,496
9217,496
9218,496
9219,496
9220,496
9221,496
9222,497
9223,496
9224,495
9225,494
9226,494
9227,495
9228,495
9229,496
9230,496
9231,495
9232,494
9233,494
9234,494
9235,495
9236,495
9237,495
9238,495
9239,495
9240,494
9241,495
9242,495
9243,494
9244,495
9245,495
9246,494
9247,494
9248,494
9249,493
9250,493
9251,493
9252,493
9253,493
9254,493
9255,493
9256,493
9257,493
9258,493
9259,493
9260,494
9261,494
9262,495
9263,494
9264,493
9265,494
9266,494
9267,494
9268,495
9269,495
9270,495
9271,494
9272,495
9273,495
9274,496
9275,495
9276,494
9277,494
9278,493
9279,493
9280,493
9281,493
9282,493
9283,494
9284,494
9285,494
9286,494
9287,493
9288,494
9289,494
9290,495
9291,494
9292,493
9293,494
9294,494
9295,494
9296,493
9297,493
9298,493
9299,493
9300,492
9301,492
9302,491
9303,491
9304,491
9305,490
9306,490
9307,491
9308,491
9309,491
9310,491
9311,490
9312,490
9313,490
9314,489
9315,488
9316,488
9317,489
9318,489
9319,490
9320,489
9321,489
9322,488
9323,488
9324,487
9325,487
9326,487
9327,488
9328,488
9329,488
9330,487
9331,487
9332,488
9333,488
9334,487
9335,488
9336,488
9337,488
9338,487
9339,487
9340,487
9341,488
9342,487
9343,488
9344,488
9345,488
9346,487
9347,486
9348,485
9349,484
9350,484
9351,484
9352,484
9353,484
9354,483
9355,482
9356,482
9357,482
9358,483
9359,483
9360,484
9361,485
9362,484
9363,484
9364,484
9365,484
9366,485
9367,485
9368,486
9369,487
9370,487
9371,486
9372,485
9373,485
9374,484
9375,483
9376,484
9377,484
9378,485
9379,484
9380,484
9381,483
9382,482
9383,482
9384,482
9385,482
9386,482
9387,482
9388,482
9389,483
9390,484
9391,484
9392,484
9393,483
9394,483
9395,483
9396,484
9397,485
9398,485
9399,486
9400,487
9401,486
9402,485
9403,485
9404,485
9405,485
9406,484
9407,484
9408,484
9409,484
9410,485
9411,485
9412,484
9413,483
9414,484
9415,485
9416,485
9417,485
9418,484
9419,483
9420,484
9421,485
9422,485
9423,485
9424,485
9425,486
9426,485
9427,484
9428,484
9429,485
9430,486
9431,486
9432,487
9433,486
9434,487
9435,488
9436,488
9437,488
9438,488
9439,489
9440,489
9441,488
9442,489
9443,490
9444,489
9445,490
9446,489
9447,489
9448,489
9449,489
9450,489
9451,489
9452,488
9453,488
9454,488
9455,488
9456,488
9457,489
9458,489
9459,489
9460,488
9461,489
9462,490
9463,489
9464,489
9465,489
9466,490
9467,490
9468,491
9469,491
9470,492
9471,492
9472,492
9473,492
9474,493
9475,493
9476,494
9477,495
9478,494
9479,494
9480,495
9481,494
9482,494
9483,494
9484,494
9485,493
9486,493
9487,492
9488,492
9489,492
9490,493
9491,492
9492,492
9493,492
9494,492
9495,492
9496,492
9497,493
9498,493
9499,492
9500,491
9501,491
9502,491
9503,492
9504,492
9505,492
9506,492
9507,492
9508,491
9509,492
9510,492
9511,492
9512,491
9513,490
9514,490
9515,489
9516,490
9517,491
9518,491
9519,492
9520,491
9521,491
9522,491
9523,491
9524,490
9525,490
9526,490
9527,491
9528,491
9529,491
9530,491
9531,491
9532,490
9533,490
9534,491
9535,491
9536,490
9537,490
9538,490
9539,490
9540,491
9541,491
9542,492
9543,492
9544,492
9545,492
9546,492
9547,493
9548,493
9549,493
9550,493
9551,492
9552,491
9553,490
9554,490
9555,490
9556,490
9557,489
9558,489
9559,489
9560,489
9561,489
9562,490
9563,490
9564,489
9565,489
9566,489
9567,489
9568,488
9569,488
9570,488
9571,488
9572,488
9573,489
9574,490
9575,489
9576,489
9577,488
9578,488
9579,488
9580,487
9581,487
9582,486
9583,487
9584,487
9585,487
9586,486
9587,487
9588,487
9589,486
9590,486
9591,487
9592,488
9593,488
9594,489
9595,490
9596,490
9597,490
9598,490
9599,490
9600,490
9601,489
9602,488
9603,489
9604,489
9605,489
9606,488
9607,488
9608,489
9609,489
9610,489
9611,488
9612,487
9613,487
9614,486
9615,486
9616,487
9617,488
9618,487
9619,486
9620,486
9621,486
9622,486
9623,485
9624,486
9625,486
9626,487
9627,487
9628,487
9629,488
9630,488
9631,488
9632,487
9633,488
9634,488
9635,488
9636,487
9637,487
9638,488
9639,488
9640,488
9641,488
9642,489
9643,488
9644,489
9645,489
9646,489
9647,489
9648,489
9649,489
9650,489
9651,490
9652,491
9653,492
9654,492
9655,493
9656,492
9657,492
9658,492
9659,492
9660,492
9661,493
9662,494
9663,494
9664,494
9665,494
9666,494
9667,495
9668,494
9669,494
9670,495
9671,495
9672,496
9673,496
9674,496
9675,495
9676,495
9677,496
9678,496
9679,496
9680,496
9681,495
9682,494
9683,494
9684,494
9685,494
9686,493
9687,494
9688,494
9689,494
9690,494
9691,494
9692,495
9693,494
9694,494
9695,494
9696,494
9697,494
9698,495
9699,494
9700,495
9701,495
9702,496
9703,497
9704,497
9705,497
9706,496
9707,496
9708,496
9709,497
9710,498
9711,498
9712,498
9713,497
9714,498
9715,498
9716,498
9717,498
9718,499
9719,499
9720,499
9721,499
9722,498
9723,497
9724,497
9725,497
9726,498
9727,499
9728,499
9729,498
9730,498
9731,497
9732,496
9733,495
9734,495
9735,495
9736,496
9737,496
9738,497
9739,497
9740,498
9741,499
9742,500
9743,501
9744,500
9745,501
9746,501
9747,502
9748,502
9749,502
9750,502
9751,502
9752,502
9753,501
9754,502
9755,503
9756,504
9757,504
9758,505
9759,504
9760,505
9761,505
9762,504
9763,505
9764,505
9765,505
9766,505
9767,504
9768,503
9769,502
9770,501
9771,500
9772,500
9773,500
9774,500
9775,501
9776,501
9777,501
9778,501
9779,501
9780,500
9781,501
9782,501
9783,501
9784,502
9785,502
9786,502
9787,502
9788,503
9789,503
9790,503
9791,504
9792,504
9793,503
9794,503
9795,503
9796,503
9797,503
9798,504
9799,504
9800,504
9801,505
9802,505
9803,505
9804,504
9805,504
9806,504
9807,504
9808,504
9809,504
9810,504
9811,504
9812,505
9813,505
9814,505
9815,505
9816,504
9817,503
9818,504
9819,504
9820,504
9821,505
9822,505
9823,504
9824,504
9825,504
9826,504
9827,505
9828,504
9829,504
9830,503
9831,503
9832,503
9833,503
9834,504
9835,503
9836,504
9837,505
9838,505
9839,505
9840,505
9841,506
9842,507
9843,508
9844,508
9845,509
9846,509
9847,509
9848,509
9849,509
9850,510
9851,510
9852,510
9853,510
9854,510
9855,510
9856,511
9857,511
9858,510
9859,509
9860,510
9861,510
9862,511
9863,510
9864,509
9865,510
9866,511
9867,510
9868,510
9869,510
9870,510
9871,509
9872,508
9873,508
9874,509
9875,509
9876,508
9877,508
9878,508
9879,508
9880,507
9881,507
9882,507
9883,506
9884,506
9885,506
9886,505
9887,504
9888,503
9889,504
9890,503
9891,504
9892,505
9893,505
9894,504
9895,503
9896,503
9897,503
9898,504
9899,504
9900,504
9901,504
9902,503
9903,502
9904,502
9905,502
9906,502
9907,501
9908,501
9909,500
9910,500
9911,499
9912,500
9913,500
9914,499
9915,499
9916,498
9917,498
9918,498
9919,498
9920,498
9921,497
9922,497
9923,497
9924,497
9925,497
9926,497
9927,497
9928,497
9929,498
9930,498
9931,497
9932,496
9933,495
9934,496
9935,496
9936,495
9937,495
9938,494
9939,494
9940,493
9941,492
9942,492
9943,491
9944,490
9945,490
9946,490
9947,491
9948,490
9949,491
9950,492
9951,491
9952,492
9953,492
9954,491
9955,491
9956,490
9957,490
9958,491
9959,492
9960,491
9961,491
9962,492
9963,492
9964,492
9965,493
9966,493
9967,493
9968,494
9969,494
9970,494
9971,495
9972,496
9973,496
9974,496
9975,496
9976,496
9977,496
9978,496
9979,496
9980,496
9981,495
9982,495
9983,496
9984,495
9985,495
9986,495
9987,494
9988,493
9989,492
9990,493
9991,494
9992,493
9993,493
9994,492
9995,492
9996,491
9997,490
9998,490
9999,490
10000,490
