ts,user_id,action,item_id,price,source
2025-01-01 00:00:00,u6305,click,i504,131.93,web
2025-01-01 00:00:07,u9779,view,i474,118.64,android
2025-01-01 00:00:14,u4517,view,i188,89.56,web
2025-01-01 00:00:21,u4943,view,i664,87.78,android
2025-01-01 00:00:28,u3028,click,i745,127.35,web
2025-01-01 00:00:35,u7499,view,i326,14.08,web
2025-01-01 00:00:42,u5744,purchase,i247,110.43,android
2025-01-01 00:00:49,u6054,click,i205,118.41,android
2025-01-01 00:00:56,u4078,add_to_cart,i199,111.81,web
2025-01-01 00:01:03,u1976,click,i608,137.68,ios
2025-01-01 00:01:10,u6146,purchase,i699,185.07,ios
2025-01-01 00:01:17,u5911,click,i913,40.05,web
2025-01-01 00:01:24,u2341,add_to_cart,i637,101.55,ios
2025-01-01 00:01:31,u8353,add_to_cart,i723,196.13,web
2025-01-01 00:01:38,u9387,purchase,i268,152.64,web
2025-01-01 00:01:45,u9011,purchase,i140,192.59,web
2025-01-01 00:01:52,u6140,add_to_cart,i811,73.28,ios
2025-01-01 00:01:59,u8474,view,i960,23.25,ios
2025-01-01 00:02:06,u8767,view,i162,147.58,ios
2025-01-01 00:02:13,u8301,add_to_cart,i833,80.23,android
2025-01-01 00:02:20,u6685,view,i572,74.32,android
2025-01-01 00:02:27,u2918,purchase,i160,47.55,ios
2025-01-01 00:02:34,u3119,click,i507,81.24,ios
2025-01-01 00:02:41,u2320,click,i559,83.32,ios
2025-01-01 00:02:48,u3243,purchase,i984,112.29,android
2025-01-01 00:02:55,u7804,add_to_cart,i799,177.42,web
2025-01-01 00:03:02,u3472,view,i280,34.5,android
2025-01-01 00:03:09,u4822,view,i596,167.06,web
2025-01-01 00:03:16,u5304,add_to_cart,i104,33.41,android
2025-01-01 00:03:23,u7049,add_to_cart,i228,139.65,android
2025-01-01 00:03:30,u1884,purchase,i991,157.09,android
2025-01-01 00:03:37,u7428,purchase,i508,81.85,ios
2025-01-01 00:03:44,u7560,view,i295,18.13,web
2025-01-01 00:03:51,u8219,click,i212,71.31,web
2025-01-01 00:03:58,u2677,view,i680,34.5,web
2025-01-01 00:04:05,u6957,view,i172,175.49,android
2025-01-01 00:04:12,u7164,click,i749,54.19,ios
2025-01-01 00:04:19,u6966,purchase,i225,27.49,ios
2025-01-01 00:04:26,u8634,purchase,i595,65.81,web
2025-01-01 00:04:33,u2674,add_to_cart,i858,56.63,android
2025-01-01 00:04:40,u3645,view,i310,190.44,android
2025-01-01 00:04:47,u6926,click,i806,110.92,web
2025-01-01 00:04:54,u9652,add_to_cart,i758,173.35,android
2025-01-01 00:05:01,u5278,add_to_cart,i271,74.36,web
2025-01-01 00:05:08,u9725,add_to_cart,i751,48.49,web
2025-01-01 00:05:15,u4922,purchase,i857,161.65,web
2025-01-01 00:05:22,u9480,purchase,i464,147.55,web
2025-01-01 00:05:29,u5577,purchase,i365,42.76,android
2025-01-01 00:05:36,u6640,purchase,i927,187.72,ios
2025-01-01 00:05:43,u6974,view,i325,24.92,ios
2025-01-01 00:05:50,u4222,add_to_cart,i309,99.12,android
2025-01-01 00:05:57,u1031,purchase,i768,72.08,android
2025-01-01 00:06:04,u2389,view,i497,157.55,web
2025-01-01 00:06:11,u8832,click,i544,158.88,ios
2025-01-01 00:06:18,u2421,purchase,i574,83.27,web
2025-01-01 00:06:25,u3602,click,i230,10.37,android
2025-01-01 00:06:32,u8624,click,i726,166.17,ios
2025-01-01 00:06:39,u6741,click,i661,111.92,web
2025-01-01 00:06:46,u1233,view,i639,151.15,web
2025-01-01 00:06:53,u8107,click,i945,175.41,web
2025-01-01 00:07:00,u5126,click,i399,102.73,android
2025-01-01 00:07:07,u6341,add_to_cart,i657,86.71,web
2025-01-01 00:07:14,u1997,add_to_cart,i569,134.18,android
2025-01-01 00:07:21,u7891,click,i644,34.61,android
2025-01-01 00:07:28,u1306,purchase,i895,40.71,web
2025-01-01 00:07:35,u3454,click,i244,97.33,android
2025-01-01 00:07:42,u2971,view,i433,138.05,android
2025-01-01 00:07:49,u8905,view,i673,16.08,web
2025-01-01 00:07:56,u5537,view,i890,24.06,ios
2025-01-01 00:08:03,u1456,view,i553,68.49,android
2025-01-01 00:08:10,u9391,click,i809,59.05,android
2025-01-01 00:08:17,u9737,purchase,i619,188.59,android
2025-01-01 00:08:24,u9572,add_to_cart,i672,179.09,web
2025-01-01 00:08:31,u8332,click,i526,28.72,ios
2025-01-01 00:08:38,u6177,view,i787,51.92,web
2025-01-01 00:08:45,u4484,add_to_cart,i902,28.86,web
2025-01-01 00:08:52,u6999,click,i359,177.15,ios
2025-01-01 00:08:59,u4597,view,i507,177.56,web
2025-01-01 00:09:06,u4665,click,i823,89.15,android
2025-01-01 00:09:13,u7616,add_to_cart,i531,43.17,ios
2025-01-01 00:09:20,u2510,add_to_cart,i119,70.91,ios
2025-01-01 00:09:27,u8216,view,i493,69.64,android
2025-01-01 00:09:34,u5840,view,i215,197.09,web
2025-01-01 00:09:41,u2716,view,i371,58.02,web
2025-01-01 00:09:48,u5430,click,i939,87.34,android
2025-01-01 00:09:55,u5237,purchase,i252,109.64,android
2025-01-01 00:10:02,u9103,add_to_cart,i191,59.42,android
2025-01-01 00:10:09,u4003,purchase,i174,57.44,web
2025-01-01 00:10:16,u2451,add_to_cart,i185,123.59,web
2025-01-01 00:10:23,u2091,add_to_cart,i983,28.73,web
2025-01-01 00:10:30,u6556,purchase,i374,126.23,web
2025-01-01 00:10:37,u9632,click,i212,194.0,ios
2025-01-01 00:10:44,u1825,click,i306,186.79,android
2025-01-01 00:10:51,u5997,click,i396,91.91,android
2025-01-01 00:10:58,u3914,add_to_cart,i455,161.72,ios
2025-01-01 00:11:05,u1605,view,i118,147.95,android
2025-01-01 00:11:12,u4104,purchase,i351,187.26,web
2025-01-01 00:11:19,u8080,purchase,i659,167.75,ios
2025-01-01 00:11:26,u9301,add_to_cart,i804,46.96,web
2025-01-01 00:11:33,u6614,click,i952,176.98,android
2025-01-01 00:11:40,u3289,purchase,i455,196.47,web
2025-01-01 00:11:47,u1233,view,i740,149.47,ios
2025-01-01 00:11:54,u8057,click,i156,21.47,ios
2025-01-01 00:12:01,u9289,add_to_cart,i713,52.23,ios
2025-01-01 00:12:08,u1741,purchase,i289,35.72,ios
2025-01-01 00:12:15,u1059,add_to_cart,i472,192.55,android
2025-01-01 00:12:22,u6300,click,i135,193.31,ios
2025-01-01 00:12:29,u4569,add_to_cart,i287,5.21,ios
2025-01-01 00:12:36,u2374,purchase,i385,103.04,web
2025-01-01 00:12:43,u5066,view,i193,56.51,web
2025-01-01 00:12:50,u3357,purchase,i700,13.13,web
2025-01-01 00:12:57,u5909,add_to_cart,i744,50.4,android
2025-01-01 00:13:04,u9670,click,i773,179.1,android
2025-01-01 00:13:11,u7381,add_to_cart,i837,197.02,web
2025-01-01 00:13:18,u5655,click,i144,165.85,android
2025-01-01 00:13:25,u9404,purchase,i851,141.71,android
2025-01-01 00:13:32,u3282,view,i946,138.86,android
2025-01-01 00:13:39,u4767,view,i131,13.16,android
2025-01-01 00:13:46,u6909,view,i485,167.99,android
2025-01-01 00:13:53,u1831,view,i741,108.63,web
2025-01-01 00:14:00,u9016,add_to_cart,i103,94.1,web
2025-01-01 00:14:07,u9240,view,i775,107.57,android
2025-01-01 00:14:14,u8763,add_to_cart,i928,19.52,ios
2025-01-01 00:14:21,u4846,click,i336,149.27,ios
2025-01-01 00:14:28,u9092,purchase,i178,98.41,android
2025-01-01 00:14:35,u5707,view,i731,128.39,web
2025-01-01 00:14:42,u2269,click,i439,54.52,android
2025-01-01 00:14:49,u5987,click,i112,99.07,ios
2025-01-01 00:14:56,u5403,view,i808,47.45,ios
2025-01-01 00:15:03,u5765,add_to_cart,i575,95.85,web
2025-01-01 00:15:10,u9996,click,i419,195.73,ios
2025-01-01 00:15:17,u1286,add_to_cart,i569,19.91,android
2025-01-01 00:15:24,u8363,add_to_cart,i496,45.92,web
2025-01-01 00:15:31,u2222,view,i245,150.76,ios
2025-01-01 00:15:38,u6890,click,i717,164.94,android
2025-01-01 00:15:45,u5580,view,i820,76.21,ios
2025-01-01 00:15:52,u8964,purchase,i125,36.02,ios
2025-01-01 00:15:59,u8385,purchase,i409,146.8,ios
2025-01-01 00:16:06,u6635,purchase,i423,28.58,ios
2025-01-01 00:16:13,u1028,add_to_cart,i868,70.96,ios
2025-01-01 00:16:20,u2966,click,i830,7.29,android
2025-01-01 00:16:27,u5748,add_to_cart,i481,17.67,ios
2025-01-01 00:16:34,u2251,add_to_cart,i538,152.35,web
2025-01-01 00:16:41,u5597,view,i152,167.76,ios
2025-01-01 00:16:48,u3439,click,i372,90.07,ios
2025-01-01 00:16:55,u4110,add_to_cart,i903,191.45,web
2025-01-01 00:17:02,u7554,click,i836,20.71,android
2025-01-01 00:17:09,u7731,purchase,i729,151.77,android
2025-01-01 00:17:16,u5689,purchase,i150,182.82,android
2025-01-01 00:17:23,u3085,click,i583,85.9,ios
2025-01-01 00:17:30,u5878,add_to_cart,i856,149.06,android
2025-01-01 00:17:37,u5262,purchase,i771,51.54,ios
2025-01-01 00:17:44,u7461,view,i271,130.42,web
2025-01-01 00:17:51,u4405,purchase,i663,47.9,ios
2025-01-01 00:17:58,u8372,purchase,i242,111.82,web
2025-01-01 00:18:05,u2486,click,i450,113.4,ios
2025-01-01 00:18:12,u4917,add_to_cart,i364,162.82,web
2025-01-01 00:18:19,u1329,purchase,i492,85.71,android
2025-01-01 00:18:26,u4440,purchase,i376,70.95,web
2025-01-01 00:18:33,u9161,add_to_cart,i688,193.7,web
2025-01-01 00:18:40,u9247,click,i194,57.85,web
2025-01-01 00:18:47,u7300,purchase,i761,91.94,ios
2025-01-01 00:18:54,u1357,click,i133,87.91,ios
2025-01-01 00:19:01,u9025,view,i174,81.35,android
2025-01-01 00:19:08,u8670,purchase,i354,157.71,web
2025-01-01 00:19:15,u3529,click,i634,194.52,web
2025-01-01 00:19:22,u8492,view,i664,156.49,web
2025-01-01 00:19:29,u3058,click,i683,184.38,android
2025-01-01 00:19:36,u5977,click,i741,54.1,android
2025-01-01 00:19:43,u8166,view,i201,18.72,android
2025-01-01 00:19:50,u4140,purchase,i367,48.6,android
2025-01-01 00:19:57,u1018,view,i650,63.8,ios
2025-01-01 00:20:04,u5564,add_to_cart,i760,168.69,web
2025-01-01 00:20:11,u8787,click,i660,53.18,ios
2025-01-01 00:20:18,u6036,view,i122,42.85,android
2025-01-01 00:20:25,u7881,view,i363,49.43,ios
2025-01-01 00:20:32,u7065,click,i604,11.65,ios
2025-01-01 00:20:39,u7890,add_to_cart,i798,82.29,web
2025-01-01 00:20:46,u5785,view,i310,101.66,web
2025-01-01 00:20:53,u6107,click,i336,95.7,ios
2025-01-01 00:21:00,u5832,view,i738,101.67,web
2025-01-01 00:21:07,u4658,purchase,i527,182.53,web
2025-01-01 00:21:14,u3398,purchase,i155,46.53,android
2025-01-01 00:21:21,u3325,purchase,i153,143.42,web
2025-01-01 00:21:28,u7444,purchase,i829,177.3,android
2025-01-01 00:21:35,u2854,view,i269,69.2,web
2025-01-01 00:21:42,u9598,purchase,i132,65.81,android
2025-01-01 00:21:49,u7203,add_to_cart,i439,91.27,web
2025-01-01 00:21:56,u1047,view,i386,20.75,ios
2025-01-01 00:22:03,u3026,click,i489,74.54,ios
2025-01-01 00:22:10,u8085,view,i150,142.53,web
2025-01-01 00:22:17,u7106,purchase,i297,68.05,android
2025-01-01 00:22:24,u8774,view,i746,85.11,android
2025-01-01 00:22:31,u7631,view,i484,11.8,web
2025-01-01 00:22:38,u2015,add_to_cart,i299,150.72,android
2025-01-01 00:22:45,u6555,add_to_cart,i378,70.32,android
2025-01-01 00:22:52,u1714,add_to_cart,i864,144.74,ios
2025-01-01 00:22:59,u5515,add_to_cart,i103,145.71,android
2025-01-01 00:23:06,u2070,view,i945,50.6,ios
2025-01-01 00:23:13,u8630,purchase,i908,53.95,ios
2025-01-01 00:23:20,u9085,click,i608,40.67,android
2025-01-01 00:23:27,u5969,click,i721,51.05,ios
2025-01-01 00:23:34,u8549,add_to_cart,i902,157.54,web
2025-01-01 00:23:41,u9386,click,i501,151.81,web
2025-01-01 00:23:48,u7680,view,i765,11.6,android
2025-01-01 00:23:55,u9922,add_to_cart,i264,196.15,web
2025-01-01 00:24:02,u2182,add_to_cart,i739,21.4,web
2025-01-01 00:24:09,u7898,purchase,i826,194.56,web
2025-01-01 00:24:16,u4837,click,i526,94.88,android
2025-01-01 00:24:23,u4849,view,i898,168.97,ios
2025-01-01 00:24:30,u5577,add_to_cart,i481,54.54,ios
2025-01-01 00:24:37,u4263,purchase,i353,41.22,web
2025-01-01 00:24:44,u3512,add_to_cart,i692,41.71,web
2025-01-01 00:24:51,u7489,add_to_cart,i351,103.93,web
2025-01-01 00:24:58,u2647,purchase,i137,24.95,ios
2025-01-01 00:25:05,u4786,purchase,i482,12.87,ios
2025-01-01 00:25:12,u4815,view,i151,41.97,android
2025-01-01 00:25:19,u4181,view,i481,104.97,web
2025-01-01 00:25:26,u8358,add_to_cart,i893,156.67,web
2025-01-01 00:25:33,u2733,add_to_cart,i322,12.3,ios
2025-01-01 00:25:40,u3316,view,i308,199.98,web
2025-01-01 00:25:47,u4333,view,i938,68.81,android
2025-01-01 00:25:54,u7091,click,i735,65.88,web
2025-01-01 00:26:01,u1515,purchase,i661,99.28,ios
2025-01-01 00:26:08,u2661,purchase,i779,112.28,android
2025-01-01 00:26:15,u9749,view,i768,36.92,android
2025-01-01 00:26:22,u5442,purchase,i390,135.22,ios
2025-01-01 00:26:29,u1841,add_to_cart,i863,115.47,ios
2025-01-01 00:26:36,u7784,purchase,i118,173.53,ios
2025-01-01 00:26:43,u4230,purchase,i845,83.97,web
2025-01-01 00:26:50,u8113,click,i533,27.14,web
2025-01-01 00:26:57,u7655,add_to_cart,i571,155.75,web
2025-01-01 00:27:04,u1243,view,i664,32.79,ios
2025-01-01 00:27:11,u2458,add_to_cart,i854,103.37,web
2025-01-01 00:27:18,u6700,add_to_cart,i265,106.63,web
2025-01-01 00:27:25,u2782,purchase,i602,151.94,web
2025-01-01 00:27:32,u5941,click,i957,188.9,ios
2025-01-01 00:27:39,u6153,view,i722,185.6,ios
2025-01-01 00:27:46,u2413,click,i755,158.24,web
2025-01-01 00:27:53,u7627,click,i949,97.23,android
2025-01-01 00:28:00,u4573,view,i509,188.02,web
2025-01-01 00:28:07,u7284,add_to_cart,i226,34.15,android
2025-01-01 00:28:14,u4155,view,i675,169.28,android
2025-01-01 00:28:21,u1624,add_to_cart,i220,81.02,ios
2025-01-01 00:28:28,u6017,purchase,i415,118.61,ios
2025-01-01 00:28:35,u7376,add_to_cart,i557,103.2,web
2025-01-01 00:28:42,u1382,view,i733,197.3,ios
2025-01-01 00:28:49,u4854,purchase,i881,125.62,ios
2025-01-01 00:28:56,u3942,purchase,i509,25.88,web
2025-01-01 00:29:03,u6874,purchase,i474,22.88,ios
2025-01-01 00:29:10,u9263,view,i141,129.11,web
2025-01-01 00:29:17,u6140,view,i155,151.65,ios
2025-01-01 00:29:24,u3231,view,i977,17.94,android
2025-01-01 00:29:31,u2795,click,i234,196.44,ios
2025-01-01 00:29:38,u5716,click,i802,158.73,web
2025-01-01 00:29:45,u2073,add_to_cart,i725,152.46,web
2025-01-01 00:29:52,u6305,add_to_cart,i935,94.0,ios
2025-01-01 00:29:59,u9228,purchase,i313,120.42,android
2025-01-01 00:30:06,u9290,click,i426,77.59,web
2025-01-01 00:30:13,u3983,purchase,i265,129.13,ios
2025-01-01 00:30:20,u6371,purchase,i272,159.46,ios
2025-01-01 00:30:27,u2885,view,i751,172.37,ios
2025-01-01 00:30:34,u9543,view,i358,198.63,android
2025-01-01 00:30:41,u7459,add_to_cart,i371,78.27,ios
2025-01-01 00:30:48,u3395,add_to_cart,i438,154.1,ios
2025-01-01 00:30:55,u4769,click,i730,150.0,web
2025-01-01 00:31:02,u5855,add_to_cart,i417,129.65,android
2025-01-01 00:31:09,u6122,view,i865,11.59,web
2025-01-01 00:31:16,u5767,purchase,i527,104.97,web
2025-01-01 00:31:23,u3163,purchase,i332,124.44,web
2025-01-01 00:31:30,u1365,view,i102,115.59,ios
2025-01-01 00:31:37,u2742,add_to_cart,i646,48.73,android
2025-01-01 00:31:44,u5934,click,i309,76.42,ios
2025-01-01 00:31:51,u3598,click,i114,187.64,web
2025-01-01 00:31:58,u3446,purchase,i198,17.42,web
2025-01-01 00:32:05,u5419,purchase,i931,56.53,web
2025-01-01 00:32:12,u1919,add_to_cart,i708,130.89,ios
2025-01-01 00:32:19,u9480,purchase,i354,37.19,web
2025-01-01 00:32:26,u1720,view,i644,9.92,web
2025-01-01 00:32:33,u4893,click,i159,182.79,web
2025-01-01 00:32:40,u1202,click,i245,85.57,android
2025-01-01 00:32:47,u9305,purchase,i932,124.57,android
2025-01-01 00:32:54,u6068,view,i407,127.06,android
2025-01-01 00:33:01,u8830,view,i484,169.66,android
2025-01-01 00:33:08,u8622,view,i859,132.83,web
2025-01-01 00:33:15,u4701,view,i367,50.3,web
2025-01-01 00:33:22,u3019,add_to_cart,i867,185.41,ios
2025-01-01 00:33:29,u1860,add_to_cart,i751,112.99,ios
2025-01-01 00:33:36,u9572,add_to_cart,i402,130.19,web
2025-01-01 00:33:43,u2399,view,i273,55.77,web
2025-01-01 00:33:50,u4322,click,i864,183.42,web
2025-01-01 00:33:57,u7368,add_to_cart,i715,51.64,android
2025-01-01 00:34:04,u9787,purchase,i583,168.74,android
2025-01-01 00:34:11,u1104,view,i547,191.36,web
2025-01-01 00:34:18,u6042,click,i500,126.41,web
2025-01-01 00:34:25,u3810,click,i133,10.25,web
2025-01-01 00:34:32,u3651,add_to_cart,i245,141.64,web
2025-01-01 00:34:39,u1682,click,i809,130.49,web
2025-01-01 00:34:46,u2111,view,i167,172.02,ios
2025-01-01 00:34:53,u4265,view,i988,152.38,android
2025-01-01 00:35:00,u7288,view,i352,45.12,web
2025-01-01 00:35:07,u1554,view,i968,182.67,android
2025-01-01 00:35:14,u2433,add_to_cart,i588,24.48,web
2025-01-01 00:35:21,u4358,add_to_cart,i426,70.62,ios
2025-01-01 00:35:28,u1342,add_to_cart,i362,186.37,web
2025-01-01 00:35:35,u7029,add_to_cart,i887,192.98,android
2025-01-01 00:35:42,u8800,add_to_cart,i733,150.4,ios
2025-01-01 00:35:49,u1511,purchase,i631,155.74,ios
2025-01-01 00:35:56,u8683,view,i650,115.39,android
2025-01-01 00:36:03,u2489,add_to_cart,i274,90.03,android
2025-01-01 00:36:10,u4310,add_to_cart,i880,151.35,web
2025-01-01 00:36:17,u1071,add_to_cart,i602,23.66,android
2025-01-01 00:36:24,u4023,purchase,i706,72.7,android
2025-01-01 00:36:31,u5269,click,i390,163.97,android
2025-01-01 00:36:38,u4793,purchase,i269,26.44,android
2025-01-01 00:36:45,u2325,purchase,i906,198.27,android
2025-01-01 00:36:52,u2713,add_to_cart,i464,23.55,ios
2025-01-01 00:36:59,u2411,purchase,i761,9.91,web
2025-01-01 00:37:06,u5966,add_to_cart,i538,180.74,android
2025-01-01 00:37:13,u3803,purchase,i745,50.55,ios
2025-01-01 00:37:20,u3078,view,i456,118.41,android
2025-01-01 00:37:27,u3544,purchase,i777,112.98,ios
2025-01-01 00:37:34,u3777,purchase,i549,139.37,ios
2025-01-01 00:37:41,u4785,click,i442,95.09,android
2025-01-01 00:37:48,u4898,click,i373,63.79,android
2025-01-01 00:37:55,u3532,click,i353,146.02,android
2025-01-01 00:38:02,u9555,add_to_cart,i264,51.06,web
2025-01-01 00:38:09,u5238,view,i268,192.67,web
2025-01-01 00:38:16,u4201,purchase,i254,196.85,ios
2025-01-01 00:38:23,u5872,purchase,i380,43.26,android
2025-01-01 00:38:30,u2750,add_to_cart,i311,177.62,ios
2025-01-01 00:38:37,u1555,view,i508,171.59,ios
2025-01-01 00:38:44,u4644,add_to_cart,i574,9.31,ios
2025-01-01 00:38:51,u7630,view,i858,52.25,ios
2025-01-01 00:38:58,u7900,click,i783,145.83,android
2025-01-01 00:39:05,u4745,click,i756,29.22,ios
2025-01-01 00:39:12,u6128,add_to_cart,i743,141.63,ios
2025-01-01 00:39:19,u4971,purchase,i830,143.96,web
2025-01-01 00:39:26,u5096,purchase,i594,93.76,android
2025-01-01 00:39:33,u7706,click,i770,68.97,web
2025-01-01 00:39:40,u7368,purchase,i208,12.44,android
2025-01-01 00:39:47,u4569,click,i833,157.45,web
2025-01-01 00:39:54,u9506,add_to_cart,i203,170.2,ios
2025-01-01 00:40:01,u9864,click,i834,97.77,web
2025-01-01 00:40:08,u7060,add_to_cart,i520,149.71,ios
2025-01-01 00:40:15,u4442,click,i501,105.19,web
2025-01-01 00:40:22,u6824,view,i358,58.5,ios
2025-01-01 00:40:29,u2007,view,i176,86.62,ios
2025-01-01 00:40:36,u6769,add_to_cart,i211,48.76,android
2025-01-01 00:40:43,u7561,click,i920,192.37,ios
2025-01-01 00:40:50,u4473,click,i232,186.24,web
2025-01-01 00:40:57,u4164,purchase,i757,114.6,web
2025-01-01 00:41:04,u3396,add_to_cart,i782,129.57,ios
2025-01-01 00:41:11,u8669,add_to_cart,i878,111.91,web
2025-01-01 00:41:18,u8690,add_to_cart,i902,170.88,ios
2025-01-01 00:41:25,u7162,add_to_cart,i536,137.37,ios
2025-01-01 00:41:32,u1044,add_to_cart,i466,52.77,ios
2025-01-01 00:41:39,u6248,purchase,i596,88.56,android
2025-01-01 00:41:46,u2399,add_to_cart,i256,186.1,ios
2025-01-01 00:41:53,u1934,view,i947,115.09,ios
2025-01-01 00:42:00,u3300,add_to_cart,i748,118.58,android
2025-01-01 00:42:07,u1188,click,i173,132.91,ios
2025-01-01 00:42:14,u2663,click,i974,50.56,ios
2025-01-01 00:42:21,u6676,click,i313,181.3,android
2025-01-01 00:42:28,u3751,view,i784,180.82,android
2025-01-01 00:42:35,u5866,click,i606,140.09,android
2025-01-01 00:42:42,u2288,purchase,i787,177.12,android
2025-01-01 00:42:49,u2940,add_to_cart,i529,50.66,web
2025-01-01 00:42:56,u8753,purchase,i670,16.4,ios
2025-01-01 00:43:03,u3366,purchase,i352,102.14,android
2025-01-01 00:43:10,u1108,click,i960,67.53,android
2025-01-01 00:43:17,u9152,add_to_cart,i960,95.82,ios
2025-01-01 00:43:24,u7861,view,i284,129.22,android
2025-01-01 00:43:31,u1467,view,i724,13.94,android
2025-01-01 00:43:38,u6414,view,i622,99.41,web
2025-01-01 00:43:45,u1555,click,i835,86.04,web
2025-01-01 00:43:52,u6547,view,i982,133.51,ios
2025-01-01 00:43:59,u8774,click,i390,89.86,ios
2025-01-01 00:44:06,u5121,view,i946,61.38,ios
2025-01-01 00:44:13,u9089,purchase,i441,103.23,ios
2025-01-01 00:44:20,u9297,add_to_cart,i308,132.64,web
2025-01-01 00:44:27,u6421,click,i424,144.07,web
2025-01-01 00:44:34,u2434,view,i508,145.92,ios
2025-01-01 00:44:41,u9935,view,i508,63.58,web
2025-01-01 00:44:48,u1760,click,i941,184.68,android
2025-01-01 00:44:55,u1985,purchase,i731,33.68,android
2025-01-01 00:45:02,u2359,click,i140,135.07,ios
2025-01-01 00:45:09,u3849,view,i779,40.35,web
2025-01-01 00:45:16,u7907,view,i771,7.62,web
2025-01-01 00:45:23,u6068,add_to_cart,i983,63.9,ios
2025-01-01 00:45:30,u1561,add_to_cart,i120,88.98,android
2025-01-01 00:45:37,u1894,purchase,i681,106.82,web
2025-01-01 00:45:44,u7898,purchase,i557,18.11,android
2025-01-01 00:45:51,u7342,click,i586,155.13,android
2025-01-01 00:45:58,u2671,view,i759,97.08,web
2025-01-01 00:46:05,u1254,purchase,i104,6.82,android
2025-01-01 00:46:12,u2993,view,i323,174.56,web
2025-01-01 00:46:19,u8738,view,i382,145.27,web
2025-01-01 00:46:26,u8385,click,i151,76.35,android
2025-01-01 00:46:33,u3372,view,i400,127.58,android
2025-01-01 00:46:40,u9160,purchase,i785,186.81,ios
2025-01-01 00:46:47,u1862,view,i111,16.81,android
2025-01-01 00:46:54,u2305,purchase,i418,65.94,android
2025-01-01 00:47:01,u3719,purchase,i723,16.66,ios
2025-01-01 00:47:08,u8188,purchase,i793,37.46,web
2025-01-01 00:47:15,u6951,click,i744,161.36,ios
2025-01-01 00:47:22,u7319,purchase,i378,158.0,android
2025-01-01 00:47:29,u6470,add_to_cart,i386,16.82,android
2025-01-01 00:47:36,u6440,view,i951,34.47,ios
2025-01-01 00:47:43,u8021,click,i485,80.53,ios
2025-01-01 00:47:50,u4839,purchase,i390,139.27,ios
2025-01-01 00:47:57,u5309,add_to_cart,i532,35.67,web
2025-01-01 00:48:04,u5727,click,i931,178.67,android
2025-01-01 00:48:11,u3408,add_to_cart,i971,160.47,android
2025-01-01 00:48:18,u9191,add_to_cart,i647,21.59,android
2025-01-01 00:48:25,u8942,purchase,i305,158.6,android
2025-01-01 00:48:32,u4834,add_to_cart,i721,16.22,ios
2025-01-01 00:48:39,u8623,click,i360,119.35,web
2025-01-01 00:48:46,u7307,purchase,i653,22.1,ios
2025-01-01 00:48:53,u2026,click,i507,118.02,ios
2025-01-01 00:49:00,u9550,add_to_cart,i588,103.7,web
2025-01-01 00:49:07,u4099,click,i296,22.98,android
2025-01-01 00:49:14,u5748,add_to_cart,i691,115.06,ios
2025-01-01 00:49:21,u9474,click,i352,13.7,ios
2025-01-01 00:49:28,u7128,view,i480,128.38,web
2025-01-01 00:49:35,u3558,add_to_cart,i711,10.92,ios
2025-01-01 00:49:42,u9510,view,i196,11.55,android
2025-01-01 00:49:49,u8967,click,i367,185.47,ios
2025-01-01 00:49:56,u7978,view,i557,154.61,android
2025-01-01 00:50:03,u3144,add_to_cart,i963,12.38,web
2025-01-01 00:50:10,u3961,purchase,i185,10.37,web
2025-01-01 00:50:17,u7056,purchase,i598,189.7,web
2025-01-01 00:50:24,u7510,view,i823,192.06,ios
2025-01-01 00:50:31,u6221,click,i756,22.51,android
2025-01-01 00:50:38,u9298,purchase,i287,92.43,web
2025-01-01 00:50:45,u7077,click,i838,48.24,web
2025-01-01 00:50:52,u5192,add_to_cart,i160,181.04,web
2025-01-01 00:50:59,u1770,add_to_cart,i905,105.1,android
2025-01-01 00:51:06,u8920,view,i203,33.24,web
2025-01-01 00:51:13,u4259,add_to_cart,i703,120.34,android
2025-01-01 00:51:20,u2727,purchase,i431,77.48,ios
2025-01-01 00:51:27,u3033,add_to_cart,i592,79.03,ios
2025-01-01 00:51:34,u4906,click,i793,178.97,ios
2025-01-01 00:51:41,u4196,view,i260,185.9,web
2025-01-01 00:51:48,u2274,add_to_cart,i867,32.25,ios
2025-01-01 00:51:55,u2589,purchase,i962,9.24,web
2025-01-01 00:52:02,u8411,add_to_cart,i430,165.5,ios
2025-01-01 00:52:09,u2894,add_to_cart,i246,69.74,android
2025-01-01 00:52:16,u1929,click,i830,93.02,web
2025-01-01 00:52:23,u8192,click,i372,86.56,web
2025-01-01 00:52:30,u3550,view,i377,116.34,ios
2025-01-01 00:52:37,u6480,click,i366,100.75,ios
2025-01-01 00:52:44,u8474,purchase,i216,34.91,android
2025-01-01 00:52:51,u1931,click,i673,98.1,ios
2025-01-01 00:52:58,u2952,add_to_cart,i872,44.32,ios
2025-01-01 00:53:05,u8078,add_to_cart,i344,185.39,web
2025-01-01 00:53:12,u7392,add_to_cart,i525,179.76,web
2025-01-01 00:53:19,u5809,click,i755,8.13,android
2025-01-01 00:53:26,u6585,click,i553,5.37,android
2025-01-01 00:53:33,u5692,click,i468,89.87,ios
2025-01-01 00:53:40,u4576,add_to_cart,i685,40.23,web
2025-01-01 00:53:47,u9546,click,i828,39.25,android
2025-01-01 00:53:54,u2298,view,i723,147.52,ios
2025-01-01 00:54:01,u3872,click,i240,124.42,android
2025-01-01 00:54:08,u4148,add_to_cart,i307,6.96,android
2025-01-01 00:54:15,u9512,purchase,i961,145.72,web
2025-01-01 00:54:22,u9494,add_to_cart,i443,59.94,android
2025-01-01 00:54:29,u9077,view,i115,84.86,ios
2025-01-01 00:54:36,u3183,add_to_cart,i354,41.28,ios
2025-01-01 00:54:43,u1600,click,i819,77.38,android
2025-01-01 00:54:50,u1076,add_to_cart,i632,186.76,android
2025-01-01 00:54:57,u2168,view,i465,144.35,ios
2025-01-01 00:55:04,u7248,view,i398,175.2,android
2025-01-01 00:55:11,u9106,purchase,i625,10.0,android
2025-01-01 00:55:18,u3201,view,i349,193.65,web
2025-01-01 00:55:25,u3988,click,i205,65.82,android
2025-01-01 00:55:32,u1492,view,i198,185.63,android
2025-01-01 00:55:39,u4196,add_to_cart,i118,168.28,android
2025-01-01 00:55:46,u8601,click,i819,91.62,ios
2025-01-01 00:55:53,u2538,click,i146,58.24,ios
2025-01-01 00:56:00,u9087,add_to_cart,i212,28.8,ios
2025-01-01 00:56:07,u3243,click,i981,49.27,android
2025-01-01 00:56:14,u8570,purchase,i268,189.9,web
2025-01-01 00:56:21,u7369,purchase,i711,168.75,android
2025-01-01 00:56:28,u1593,purchase,i153,156.5,ios
2025-01-01 00:56:35,u7565,click,i958,70.34,ios
2025-01-01 00:56:42,u6253,purchase,i967,114.41,ios
2025-01-01 00:56:49,u9476,click,i796,187.19,web
2025-01-01 00:56:56,u7916,view,i473,26.26,web
2025-01-01 00:57:03,u2134,add_to_cart,i543,44.15,android
2025-01-01 00:57:10,u1341,click,i242,87.04,ios
2025-01-01 00:57:17,u8433,view,i928,196.14,web
2025-01-01 00:57:24,u1563,add_to_cart,i794,126.58,android
2025-01-01 00:57:31,u9884,view,i736,24.6,web
2025-01-01 00:57:38,u9524,view,i544,51.15,web
2025-01-01 00:57:45,u5710,view,i412,72.77,web
2025-01-01 00:57:52,u2972,view,i708,192.02,android
2025-01-01 00:57:59,u5397,view,i577,120.1,web
2025-01-01 00:58:06,u8208,view,i623,30.62,ios
2025-01-01 00:58:13,u7660,add_to_cart,i380,52.46,web
2025-01-01 00:58:20,u9950,add_to_cart,i959,93.56,android
2025-01-01 00:58:27,u4630,purchase,i306,111.97,ios
2025-01-01 00:58:34,u8551,add_to_cart,i727,98.18,ios
2025-01-01 00:58:41,u1507,click,i441,48.21,android
2025-01-01 00:58:48,u9944,purchase,i699,82.31,ios
2025-01-01 00:58:55,u3659,click,i431,113.55,ios
2025-01-01 00:59:02,u5422,add_to_cart,i999,197.56,ios
2025-01-01 00:59:09,u1932,view,i262,112.47,android
2025-01-01 00:59:16,u6701,purchase,i773,17.09,ios
2025-01-01 00:59:23,u8207,add_to_cart,i853,153.75,android
2025-01-01 00:59:30,u4689,click,i526,70.72,ios
2025-01-01 00:59:37,u3299,click,i731,124.1,ios
2025-01-01 00:59:44,u9483,view,i856,171.97,ios
2025-01-01 00:59:51,u5402,click,i522,174.81,web
2025-01-01 00:59:58,u7724,view,i609,82.51,android
2025-01-01 01:00:05,u3451,purchase,i970,157.82,android
2025-01-01 01:00:12,u2819,purchase,i972,93.2,ios
2025-01-01 01:00:19,u5719,add_to_cart,i399,73.83,android
2025-01-01 01:00:26,u7299,add_to_cart,i106,158.48,ios
2025-01-01 01:00:33,u7236,purchase,i407,40.92,ios
2025-01-01 01:00:40,u3375,purchase,i689,78.51,web
2025-01-01 01:00:47,u2440,add_to_cart,i431,193.95,android
2025-01-01 01:00:54,u4975,add_to_cart,i309,194.56,web
2025-01-01 01:01:01,u1419,view,i362,115.16,ios
2025-01-01 01:01:08,u5912,add_to_cart,i651,125.9,ios
2025-01-01 01:01:15,u9477,purchase,i498,95.53,web
2025-01-01 01:01:22,u6752,purchase,i110,136.91,android
2025-01-01 01:01:29,u4756,view,i519,78.01,ios
2025-01-01 01:01:36,u3526,click,i531,99.91,ios
2025-01-01 01:01:43,u6624,view,i274,75.73,ios
2025-01-01 01:01:50,u2230,add_to_cart,i624,39.24,android
2025-01-01 01:01:57,u5831,add_to_cart,i940,187.4,android
2025-01-01 01:02:04,u7895,click,i636,61.54,android
2025-01-01 01:02:11,u4404,click,i522,40.57,android
2025-01-01 01:02:18,u2746,add_to_cart,i683,198.78,android
2025-01-01 01:02:25,u1693,purchase,i110,158.59,ios
2025-01-01 01:02:32,u1064,add_to_cart,i507,169.22,android
2025-01-01 01:02:39,u1252,view,i301,39.16,android
2025-01-01 01:02:46,u5358,click,i688,43.72,android
2025-01-01 01:02:53,u2990,click,i260,106.09,android
2025-01-01 01:03:00,u2747,view,i202,19.85,android
2025-01-01 01:03:07,u9035,purchase,i727,88.97,web
2025-01-01 01:03:14,u1204,add_to_cart,i247,144.51,ios
2025-01-01 01:03:21,u5512,click,i133,56.99,web
2025-01-01 01:03:28,u2032,add_to_cart,i296,92.72,ios
2025-01-01 01:03:35,u1320,view,i325,178.66,android
2025-01-01 01:03:42,u1719,purchase,i155,125.93,web
2025-01-01 01:03:49,u4651,view,i263,186.51,web
2025-01-01 01:03:56,u6157,view,i987,164.1,ios
2025-01-01 01:04:03,u7854,add_to_cart,i607,196.01,web
2025-01-01 01:04:10,u4980,purchase,i791,145.1,web
2025-01-01 01:04:17,u7774,add_to_cart,i508,175.69,ios
2025-01-01 01:04:24,u1367,click,i189,38.83,ios
2025-01-01 01:04:31,u7209,click,i107,194.45,ios
2025-01-01 01:04:38,u7488,add_to_cart,i217,70.33,ios
2025-01-01 01:04:45,u6503,purchase,i766,17.76,web
2025-01-01 01:04:52,u7918,add_to_cart,i667,52.76,web
2025-01-01 01:04:59,u8651,add_to_cart,i452,51.25,web
2025-01-01 01:05:06,u5573,view,i449,161.95,web
2025-01-01 01:05:13,u3127,view,i301,57.59,web
2025-01-01 01:05:20,u8263,purchase,i956,160.01,web
2025-01-01 01:05:27,u3608,add_to_cart,i461,47.21,ios
2025-01-01 01:05:34,u7175,click,i404,190.43,android
2025-01-01 01:05:41,u4349,click,i978,93.27,web
2025-01-01 01:05:48,u5272,purchase,i701,198.04,android
2025-01-01 01:05:55,u5034,purchase,i722,104.49,web
2025-01-01 01:06:02,u3011,view,i655,171.11,android
2025-01-01 01:06:09,u7304,view,i773,145.05,web
2025-01-01 01:06:16,u6091,view,i499,143.59,android
2025-01-01 01:06:23,u3900,click,i428,41.72,web
2025-01-01 01:06:30,u2115,add_to_cart,i924,102.57,ios
2025-01-01 01:06:37,u4159,view,i835,65.7,web
2025-01-01 01:06:44,u5727,click,i936,144.75,ios
2025-01-01 01:06:51,u6831,purchase,i964,182.24,android
2025-01-01 01:06:58,u3165,add_to_cart,i280,10.77,android
2025-01-01 01:07:05,u6757,purchase,i125,133.52,android
2025-01-01 01:07:12,u8578,click,i967,83.1,android
2025-01-01 01:07:19,u2600,click,i398,27.47,android
2025-01-01 01:07:26,u4591,view,i514,12.8,web
2025-01-01 01:07:33,u8056,click,i875,64.1,ios
2025-01-01 01:07:40,u1642,add_to_cart,i744,129.47,web
2025-01-01 01:07:47,u4729,purchase,i833,106.55,ios
2025-01-01 01:07:54,u6718,view,i214,167.68,android
2025-01-01 01:08:01,u5691,view,i996,171.56,android
2025-01-01 01:08:08,u1775,click,i797,26.68,ios
2025-01-01 01:08:15,u4442,add_to_cart,i867,183.16,ios
2025-01-01 01:08:22,u7449,click,i387,107.83,ios
2025-01-01 01:08:29,u7946,purchase,i448,139.87,android
2025-01-01 01:08:36,u8418,view,i792,141.16,ios
2025-01-01 01:08:43,u9386,click,i601,153.57,web
2025-01-01 01:08:50,u5279,click,i659,36.92,android
2025-01-01 01:08:57,u4866,add_to_cart,i355,192.9,web
2025-01-01 01:09:04,u6862,add_to_cart,i521,23.05,android
2025-01-01 01:09:11,u6088,click,i239,138.82,ios
2025-01-01 01:09:18,u8909,click,i822,52.13,android
2025-01-01 01:09:25,u8291,click,i756,73.53,ios
2025-01-01 01:09:32,u3185,click,i701,114.84,ios
2025-01-01 01:09:39,u2932,purchase,i878,188.54,android
2025-01-01 01:09:46,u3536,purchase,i959,154.4,web
2025-01-01 01:09:53,u2875,add_to_cart,i112,75.29,web
2025-01-01 01:10:00,u1711,view,i387,64.26,web
2025-01-01 01:10:07,u6061,purchase,i215,36.46,ios
2025-01-01 01:10:14,u8678,add_to_cart,i396,37.78,web
2025-01-01 01:10:21,u1746,view,i579,198.46,ios
2025-01-01 01:10:28,u2375,add_to_cart,i856,114.91,web
2025-01-01 01:10:35,u9009,purchase,i600,42.01,android
2025-01-01 01:10:42,u6272,view,i467,184.31,android
2025-01-01 01:10:49,u5685,add_to_cart,i768,52.97,web
2025-01-01 01:10:56,u1453,view,i893,82.08,web
2025-01-01 01:11:03,u5854,add_to_cart,i290,192.59,android
2025-01-01 01:11:10,u3760,view,i903,145.18,ios
2025-01-01 01:11:17,u6352,purchase,i288,131.22,ios
2025-01-01 01:11:24,u6245,click,i477,31.59,ios
2025-01-01 01:11:31,u5154,click,i159,13.04,android
2025-01-01 01:11:38,u7606,view,i321,101.4,ios
2025-01-01 01:11:45,u3580,add_to_cart,i717,118.32,web
2025-01-01 01:11:52,u3324,click,i267,31.97,android
2025-01-01 01:11:59,u7576,view,i140,170.88,ios
2025-01-01 01:12:06,u4126,click,i840,77.64,web
2025-01-01 01:12:13,u9376,purchase,i246,60.24,android
2025-01-01 01:12:20,u1906,purchase,i446,17.23,web
2025-01-01 01:12:27,u3888,click,i487,62.67,ios
2025-01-01 01:12:34,u6703,click,i580,21.58,ios
2025-01-01 01:12:41,u9466,purchase,i538,194.4,android
2025-01-01 01:12:48,u3529,purchase,i723,125.87,web
2025-01-01 01:12:55,u6431,add_to_cart,i678,116.37,ios
2025-01-01 01:13:02,u8876,click,i406,173.73,android
2025-01-01 01:13:09,u1456,click,i327,137.34,ios
2025-01-01 01:13:16,u2396,click,i776,117.92,android
2025-01-01 01:13:23,u7821,add_to_cart,i642,51.85,ios
2025-01-01 01:13:30,u7493,add_to_cart,i216,49.31,web
2025-01-01 01:13:37,u9980,view,i326,173.12,ios
2025-01-01 01:13:44,u2555,click,i643,135.7,android
2025-01-01 01:13:51,u9016,click,i667,94.34,android
2025-01-01 01:13:58,u2851,view,i971,84.57,web
2025-01-01 01:14:05,u8201,click,i984,103.11,android
2025-01-01 01:14:12,u2877,view,i571,166.89,ios
2025-01-01 01:14:19,u9917,click,i296,114.79,web
2025-01-01 01:14:26,u3241,add_to_cart,i894,125.66,ios
2025-01-01 01:14:33,u4881,view,i481,13.14,android
2025-01-01 01:14:40,u4491,purchase,i407,28.5,web
2025-01-01 01:14:47,u7979,view,i736,197.78,web
2025-01-01 01:14:54,u2879,add_to_cart,i272,76.56,ios
2025-01-01 01:15:01,u1190,add_to_cart,i225,51.66,android
2025-01-01 01:15:08,u9596,add_to_cart,i839,100.35,android
2025-01-01 01:15:15,u6790,view,i464,112.02,android
2025-01-01 01:15:22,u2850,view,i791,52.28,ios
2025-01-01 01:15:29,u4164,purchase,i121,168.44,android
2025-01-01 01:15:36,u8206,view,i910,9.09,web
2025-01-01 01:15:43,u2208,add_to_cart,i289,34.3,ios
2025-01-01 01:15:50,u7239,click,i702,175.7,android
2025-01-01 01:15:57,u5402,purchase,i114,9.83,web
2025-01-01 01:16:04,u8981,purchase,i994,11.17,web
2025-01-01 01:16:11,u2222,click,i735,164.57,android
2025-01-01 01:16:18,u7431,purchase,i262,140.12,ios
2025-01-01 01:16:25,u7445,click,i993,191.79,android
2025-01-01 01:16:32,u2243,add_to_cart,i437,108.01,ios
2025-01-01 01:16:39,u3145,view,i316,38.1,ios
2025-01-01 01:16:46,u8663,add_to_cart,i690,96.34,ios
2025-01-01 01:16:53,u6150,view,i443,117.94,ios
2025-01-01 01:17:00,u4712,view,i354,94.58,android
2025-01-01 01:17:07,u1743,click,i844,135.84,ios
2025-01-01 01:17:14,u7298,add_to_cart,i165,102.5,ios
2025-01-01 01:17:21,u6846,click,i815,11.65,android
2025-01-01 01:17:28,u2560,click,i892,88.12,android
2025-01-01 01:17:35,u2621,add_to_cart,i910,59.91,web
2025-01-01 01:17:42,u3312,view,i411,192.78,ios
2025-01-01 01:17:49,u6941,click,i458,175.21,android
2025-01-01 01:17:56,u7651,add_to_cart,i161,142.32,android
2025-01-01 01:18:03,u6295,purchase,i615,76.62,web
2025-01-01 01:18:10,u4847,add_to_cart,i254,31.45,web
2025-01-01 01:18:17,u8424,purchase,i556,82.23,ios
2025-01-01 01:18:24,u3767,view,i247,63.79,ios
2025-01-01 01:18:31,u5130,add_to_cart,i175,184.64,android
2025-01-01 01:18:38,u2311,click,i411,118.19,ios
2025-01-01 01:18:45,u6848,purchase,i838,174.32,web
2025-01-01 01:18:52,u8938,add_to_cart,i279,58.8,ios
2025-01-01 01:18:59,u9953,view,i876,37.09,ios
2025-01-01 01:19:06,u4881,view,i323,14.3,ios
2025-01-01 01:19:13,u4282,add_to_cart,i984,102.87,web
2025-01-01 01:19:20,u4222,click,i851,16.08,web
2025-01-01 01:19:27,u1796,view,i175,162.85,android
2025-01-01 01:19:34,u6589,click,i105,41.69,android
2025-01-01 01:19:41,u1245,add_to_cart,i128,46.38,ios
2025-01-01 01:19:48,u1443,purchase,i515,123.91,ios
2025-01-01 01:19:55,u3859,view,i984,85.78,web
2025-01-01 01:20:02,u2428,add_to_cart,i894,101.4,android
2025-01-01 01:20:09,u7546,add_to_cart,i574,175.3,web
2025-01-01 01:20:16,u6191,add_to_cart,i157,85.95,android
2025-01-01 01:20:23,u6393,click,i195,8.63,web
2025-01-01 01:20:30,u3337,view,i466,163.73,ios
2025-01-01 01:20:37,u6637,click,i773,196.37,android
2025-01-01 01:20:44,u6420,click,i858,125.64,android
2025-01-01 01:20:51,u8824,view,i894,131.22,android
2025-01-01 01:20:58,u8424,add_to_cart,i470,107.05,ios
2025-01-01 01:21:05,u3160,add_to_cart,i109,113.84,web
2025-01-01 01:21:12,u6939,click,i743,49.49,web
2025-01-01 01:21:19,u1457,click,i225,16.73,android
2025-01-01 01:21:26,u4357,click,i365,188.25,ios
2025-01-01 01:21:33,u3446,click,i991,148.86,web
2025-01-01 01:21:40,u9658,view,i459,156.73,web
2025-01-01 01:21:47,u8234,purchase,i318,129.04,ios
2025-01-01 01:21:54,u7373,purchase,i317,68.15,web
2025-01-01 01:22:01,u2766,view,i167,162.32,ios
2025-01-01 01:22:08,u6745,view,i333,115.02,ios
2025-01-01 01:22:15,u7153,click,i131,54.13,ios
2025-01-01 01:22:22,u8107,click,i336,74.09,ios
2025-01-01 01:22:29,u7973,add_to_cart,i405,176.49,ios
2025-01-01 01:22:36,u4548,click,i588,173.3,ios
2025-01-01 01:22:43,u3236,add_to_cart,i389,22.24,web
2025-01-01 01:22:50,u8955,click,i265,67.35,android
2025-01-01 01:22:57,u8422,click,i693,15.16,web
2025-01-01 01:23:04,u6904,view,i898,155.92,ios
2025-01-01 01:23:11,u3986,purchase,i984,32.26,ios
2025-01-01 01:23:18,u1400,view,i255,195.0,web
2025-01-01 01:23:25,u3185,add_to_cart,i254,103.01,ios
2025-01-01 01:23:32,u2598,click,i575,138.14,web
2025-01-01 01:23:39,u7786,add_to_cart,i757,184.11,android
2025-01-01 01:23:46,u7499,add_to_cart,i133,119.13,web
2025-01-01 01:23:53,u1251,view,i238,103.43,web
2025-01-01 01:24:00,u8053,view,i845,8.89,ios
2025-01-01 01:24:07,u2057,view,i223,191.65,web
2025-01-01 01:24:14,u9608,purchase,i102,39.9,android
2025-01-01 01:24:21,u9854,click,i748,148.95,android
2025-01-01 01:24:28,u2840,add_to_cart,i959,101.77,web
2025-01-01 01:24:35,u6725,click,i973,193.66,web
2025-01-01 01:24:42,u2186,add_to_cart,i820,39.56,ios
2025-01-01 01:24:49,u5407,view,i144,43.31,web
2025-01-01 01:24:56,u7686,add_to_cart,i373,7.07,android
2025-01-01 01:25:03,u1678,purchase,i657,60.02,ios
2025-01-01 01:25:10,u7723,add_to_cart,i508,87.28,android
2025-01-01 01:25:17,u7867,purchase,i254,80.48,ios
2025-01-01 01:25:24,u7716,click,i750,6.02,android
2025-01-01 01:25:31,u9209,add_to_cart,i810,124.13,ios
2025-01-01 01:25:38,u4944,click,i779,27.65,android
2025-01-01 01:25:45,u1551,view,i515,140.37,ios
2025-01-01 01:25:52,u8248,add_to_cart,i566,194.46,web
2025-01-01 01:25:59,u8757,purchase,i622,71.76,android
2025-01-01 01:26:06,u7224,click,i944,127.76,android
2025-01-01 01:26:13,u7206,add_to_cart,i829,17.5,android
2025-01-01 01:26:20,u5364,add_to_cart,i173,127.64,android
2025-01-01 01:26:27,u4657,add_to_cart,i368,182.21,ios
2025-01-01 01:26:34,u6697,purchase,i684,48.14,web
2025-01-01 01:26:41,u2078,add_to_cart,i636,44.94,web
2025-01-01 01:26:48,u6993,click,i789,38.61,android
2025-01-01 01:26:55,u8541,click,i755,189.74,android
2025-01-01 01:27:02,u1708,add_to_cart,i490,75.54,ios
2025-01-01 01:27:09,u3015,purchase,i257,142.01,ios
2025-01-01 01:27:16,u2684,add_to_cart,i465,134.29,android
2025-01-01 01:27:23,u9541,add_to_cart,i563,134.14,ios
2025-01-01 01:27:30,u7480,add_to_cart,i556,140.53,ios
2025-01-01 01:27:37,u8837,click,i877,105.88,web
2025-01-01 01:27:44,u3138,add_to_cart,i600,106.54,web
2025-01-01 01:27:51,u7074,add_to_cart,i920,79.32,web
2025-01-01 01:27:58,u4290,view,i684,55.64,android
2025-01-01 01:28:05,u3923,add_to_cart,i835,111.21,ios
2025-01-01 01:28:12,u5188,click,i371,167.66,web
2025-01-01 01:28:19,u9604,purchase,i979,22.32,web
2025-01-01 01:28:26,u7932,add_to_cart,i732,157.31,web
2025-01-01 01:28:33,u8250,purchase,i475,13.14,ios
2025-01-01 01:28:40,u7683,purchase,i763,123.45,ios
2025-01-01 01:28:47,u6772,click,i494,170.69,web
2025-01-01 01:28:54,u4139,add_to_cart,i164,134.79,ios
2025-01-01 01:29:01,u2159,view,i874,91.88,ios
2025-01-01 01:29:08,u9614,purchase,i608,187.47,android
2025-01-01 01:29:15,u1419,view,i707,114.88,ios
2025-01-01 01:29:22,u8145,purchase,i584,39.37,web
2025-01-01 01:29:29,u8206,purchase,i603,31.38,web
2025-01-01 01:29:36,u4807,click,i511,110.62,android
2025-01-01 01:29:43,u5816,add_to_cart,i887,80.56,ios
2025-01-01 01:29:50,u2935,view,i326,170.34,android
2025-01-01 01:29:57,u1253,view,i608,22.21,web
2025-01-01 01:30:04,u8442,view,i943,137.79,android
2025-01-01 01:30:11,u6498,purchase,i983,15.68,android
2025-01-01 01:30:18,u7847,click,i516,164.29,android
2025-01-01 01:30:25,u3384,add_to_cart,i442,42.1,web
2025-01-01 01:30:32,u4049,add_to_cart,i632,56.16,ios
2025-01-01 01:30:39,u7286,add_to_cart,i779,172.48,android
2025-01-01 01:30:46,u7468,purchase,i797,14.97,ios
2025-01-01 01:30:53,u5071,purchase,i921,90.04,android
2025-01-01 01:31:00,u5212,add_to_cart,i306,30.69,web
2025-01-01 01:31:07,u9795,add_to_cart,i575,132.98,android
2025-01-01 01:31:14,u3314,add_to_cart,i920,71.64,ios
2025-01-01 01:31:21,u1838,add_to_cart,i108,108.95,ios
2025-01-01 01:31:28,u6301,view,i380,47.84,ios
2025-01-01 01:31:35,u5776,click,i827,45.83,android
2025-01-01 01:31:42,u8448,purchase,i845,91.75,web
2025-01-01 01:31:49,u1945,click,i544,172.33,web
2025-01-01 01:31:56,u1802,click,i983,176.59,android
2025-01-01 01:32:03,u9145,click,i114,184.87,android
2025-01-01 01:32:10,u3689,purchase,i326,136.4,android
2025-01-01 01:32:17,u5831,click,i647,168.47,web
2025-01-01 01:32:24,u4389,view,i576,23.57,web
2025-01-01 01:32:31,u1824,purchase,i329,133.48,ios
2025-01-01 01:32:38,u8248,purchase,i258,174.29,android
2025-01-01 01:32:45,u3185,view,i263,168.04,ios
2025-01-01 01:32:52,u4812,add_to_cart,i823,114.31,web
2025-01-01 01:32:59,u6071,add_to_cart,i432,112.0,web
2025-01-01 01:33:06,u3488,click,i500,194.96,ios
2025-01-01 01:33:13,u7225,click,i756,61.76,android
2025-01-01 01:33:20,u9941,view,i302,95.57,android
2025-01-01 01:33:27,u4013,purchase,i441,137.39,web
2025-01-01 01:33:34,u1635,add_to_cart,i225,133.21,web
2025-01-01 01:33:41,u9590,view,i397,100.53,web
2025-01-01 01:33:48,u9135,view,i305,99.52,ios
2025-01-01 01:33:55,u9859,view,i306,32.24,ios
2025-01-01 01:34:02,u4722,add_to_cart,i133,118.12,web
2025-01-01 01:34:09,u1021,add_to_cart,i299,189.16,android
2025-01-01 01:34:16,u5915,view,i276,69.96,ios
2025-01-01 01:34:23,u8881,click,i437,149.76,web
2025-01-01 01:34:30,u2796,add_to_cart,i928,18.54,android
2025-01-01 01:34:37,u8454,view,i864,112.56,web
2025-01-01 01:34:44,u7443,purchase,i136,11.58,android
2025-01-01 01:34:51,u2592,purchase,i762,140.82,ios
2025-01-01 01:34:58,u6781,view,i483,146.89,android
2025-01-01 01:35:05,u3685,add_to_cart,i273,134.24,web
2025-01-01 01:35:12,u6433,view,i962,130.73,ios
2025-01-01 01:35:19,u5970,click,i367,23.33,web
2025-01-01 01:35:26,u2918,click,i608,57.74,android
2025-01-01 01:35:33,u2926,add_to_cart,i579,52.96,android
2025-01-01 01:35:40,u9773,view,i618,54.96,web
2025-01-01 01:35:47,u5644,purchase,i668,44.67,web
2025-01-01 01:35:54,u4930,click,i197,7.95,web
2025-01-01 01:36:01,u9001,click,i805,150.02,web
2025-01-01 01:36:08,u3806,click,i961,56.51,web
2025-01-01 01:36:15,u7946,purchase,i739,106.03,ios
2025-01-01 01:36:22,u2978,view,i779,117.81,web
2025-01-01 01:36:29,u4990,view,i941,52.92,android
2025-01-01 01:36:36,u6526,view,i142,46.91,android
2025-01-01 01:36:43,u3862,add_to_cart,i450,21.38,ios
2025-01-01 01:36:50,u3995,view,i425,188.36,ios
2025-01-01 01:36:57,u7670,view,i190,158.78,web
2025-01-01 01:37:04,u9378,click,i254,160.54,web
2025-01-01 01:37:11,u4338,click,i324,138.78,android
2025-01-01 01:37:18,u2095,view,i910,176.74,web
2025-01-01 01:37:25,u9148,add_to_cart,i170,151.53,android
2025-01-01 01:37:32,u2026,click,i987,126.91,ios
2025-01-01 01:37:39,u7739,view,i766,144.9,ios
2025-01-01 01:37:46,u3657,purchase,i788,155.55,ios
2025-01-01 01:37:53,u3210,add_to_cart,i948,140.27,ios
2025-01-01 01:38:00,u1864,purchase,i952,158.76,android
2025-01-01 01:38:07,u3698,purchase,i495,165.91,android
2025-01-01 01:38:14,u5898,view,i169,193.85,ios
2025-01-01 01:38:21,u4802,click,i302,119.59,android
2025-01-01 01:38:28,u4877,purchase,i688,182.08,android
2025-01-01 01:38:35,u1822,purchase,i779,157.85,android
2025-01-01 01:38:42,u6613,purchase,i515,189.88,web
2025-01-01 01:38:49,u6563,purchase,i911,64.43,ios
2025-01-01 01:38:56,u9012,view,i213,176.25,ios
2025-01-01 01:39:03,u7859,purchase,i719,63.39,web
2025-01-01 01:39:10,u6495,click,i185,73.97,ios
2025-01-01 01:39:17,u1533,add_to_cart,i443,22.16,ios
2025-01-01 01:39:24,u4068,purchase,i517,133.89,web
2025-01-01 01:39:31,u2977,click,i799,127.29,ios
2025-01-01 01:39:38,u4016,purchase,i377,69.87,web
2025-01-01 01:39:45,u6937,click,i329,73.55,android
2025-01-01 01:39:52,u7461,add_to_cart,i611,67.11,android
2025-01-01 01:39:59,u4103,click,i500,107.8,web
2025-01-01 01:40:06,u3872,view,i351,93.64,android
2025-01-01 01:40:13,u5109,add_to_cart,i792,24.68,android
2025-01-01 01:40:20,u9419,purchase,i238,186.08,ios
2025-01-01 01:40:27,u7816,view,i626,126.68,ios
2025-01-01 01:40:34,u5363,add_to_cart,i470,64.54,android
2025-01-01 01:40:41,u7158,view,i770,102.13,ios
2025-01-01 01:40:48,u1294,view,i996,167.79,android
2025-01-01 01:40:55,u2950,purchase,i558,65.67,android
2025-01-01 01:41:02,u3495,purchase,i135,189.9,ios
2025-01-01 01:41:09,u3244,view,i377,33.18,android
2025-01-01 01:41:16,u9322,view,i501,38.85,android
2025-01-01 01:41:23,u5601,click,i398,155.71,web
2025-01-01 01:41:30,u7892,purchase,i764,21.44,android
2025-01-01 01:41:37,u7233,purchase,i826,75.25,ios
2025-01-01 01:41:44,u6311,click,i953,117.16,web
2025-01-01 01:41:51,u9722,add_to_cart,i243,44.15,web
2025-01-01 01:41:58,u3656,add_to_cart,i856,106.5,android
2025-01-01 01:42:05,u6111,view,i701,63.04,ios
2025-01-01 01:42:12,u6900,click,i378,65.33,ios
2025-01-01 01:42:19,u4233,add_to_cart,i548,83.6,android
2025-01-01 01:42:26,u5263,add_to_cart,i503,67.33,ios
2025-01-01 01:42:33,u5372,view,i308,185.53,android
2025-01-01 01:42:40,u8376,purchase,i752,36.17,ios
2025-01-01 01:42:47,u1720,click,i385,152.63,ios
2025-01-01 01:42:54,u7745,view,i381,81.37,android
2025-01-01 01:43:01,u7480,add_to_cart,i971,127.89,ios
2025-01-01 01:43:08,u8367,view,i142,108.78,android
2025-01-01 01:43:15,u6006,add_to_cart,i716,188.28,ios
2025-01-01 01:43:22,u4987,view,i996,111.97,android
2025-01-01 01:43:29,u7762,view,i414,37.35,web
2025-01-01 01:43:36,u2930,purchase,i503,169.11,android
2025-01-01 01:43:43,u6599,purchase,i501,102.46,ios
2025-01-01 01:43:50,u6729,click,i829,174.97,android
2025-01-01 01:43:57,u9539,purchase,i785,185.81,ios
2025-01-01 01:44:04,u3188,click,i446,137.97,ios
2025-01-01 01:44:11,u2094,view,i972,116.9,web
2025-01-01 01:44:18,u8086,purchase,i319,116.88,ios
2025-01-01 01:44:25,u3170,click,i327,135.95,web
2025-01-01 01:44:32,u9201,view,i389,180.27,android
2025-01-01 01:44:39,u7241,add_to_cart,i234,131.25,android
2025-01-01 01:44:46,u7296,add_to_cart,i829,18.13,android
2025-01-01 01:44:53,u9340,add_to_cart,i722,46.55,web
2025-01-01 01:45:00,u6066,view,i468,136.82,web
2025-01-01 01:45:07,u6893,view,i816,105.87,web
2025-01-01 01:45:14,u6327,click,i103,94.26,web
2025-01-01 01:45:21,u8321,add_to_cart,i615,16.52,ios
2025-01-01 01:45:28,u1528,view,i650,166.34,web
2025-01-01 01:45:35,u8925,click,i401,127.74,ios
2025-01-01 01:45:42,u6423,click,i323,113.54,web
2025-01-01 01:45:49,u5615,view,i328,156.73,web
2025-01-01 01:45:56,u9268,add_to_cart,i534,78.01,android
2025-01-01 01:46:03,u5484,view,i698,26.91,ios
2025-01-01 01:46:10,u9390,purchase,i331,135.01,web
2025-01-01 01:46:17,u7084,add_to_cart,i773,197.32,web
2025-01-01 01:46:24,u8829,click,i541,93.52,android
2025-01-01 01:46:31,u8449,click,i449,125.06,web
2025-01-01 01:46:38,u7600,click,i389,153.11,web
2025-01-01 01:46:45,u9457,view,i549,156.6,android
2025-01-01 01:46:52,u4223,add_to_cart,i306,114.25,android
2025-01-01 01:46:59,u5853,view,i857,145.89,android
2025-01-01 01:47:06,u1258,view,i462,45.1,web
2025-01-01 01:47:13,u9810,add_to_cart,i671,74.3,web
2025-01-01 01:47:20,u6172,add_to_cart,i413,25.53,android
2025-01-01 01:47:27,u3870,add_to_cart,i531,180.3,android
2025-01-01 01:47:34,u8455,view,i451,25.81,web
2025-01-01 01:47:41,u6961,purchase,i597,198.16,ios
2025-01-01 01:47:48,u6218,purchase,i941,195.37,web
2025-01-01 01:47:55,u9655,add_to_cart,i620,80.84,ios
2025-01-01 01:48:02,u5127,view,i297,143.49,android
2025-01-01 01:48:09,u8155,purchase,i264,163.31,ios
2025-01-01 01:48:16,u3192,click,i113,26.67,android
2025-01-01 01:48:23,u9704,purchase,i128,6.78,web
2025-01-01 01:48:30,u8597,view,i308,178.36,android
2025-01-01 01:48:37,u2162,add_to_cart,i446,126.79,ios
2025-01-01 01:48:44,u8938,click,i107,52.47,ios
2025-01-01 01:48:51,u7268,view,i200,120.29,web
2025-01-01 01:48:58,u4275,purchase,i567,116.55,android
2025-01-01 01:49:05,u8202,view,i683,146.27,web
2025-01-01 01:49:12,u8711,click,i509,132.12,android
2025-01-01 01:49:19,u4928,purchase,i808,176.72,android
2025-01-01 01:49:26,u3322,view,i609,121.82,web
2025-01-01 01:49:33,u4909,click,i105,81.5,android
2025-01-01 01:49:40,u4672,view,i348,23.29,web
2025-01-01 01:49:47,u1015,view,i577,14.49,web
2025-01-01 01:49:54,u4597,view,i669,129.53,ios
2025-01-01 01:50:01,u5308,view,i257,96.24,ios
2025-01-01 01:50:08,u2700,view,i291,32.93,android
2025-01-01 01:50:15,u3667,add_to_cart,i208,104.41,ios
2025-01-01 01:50:22,u1037,view,i971,10.79,android
2025-01-01 01:50:29,u2402,view,i822,15.58,android
2025-01-01 01:50:36,u5767,purchase,i506,135.79,android
2025-01-01 01:50:43,u4416,view,i291,166.78,ios
2025-01-01 01:50:50,u4420,view,i825,131.76,web
2025-01-01 01:50:57,u8029,view,i727,195.41,android
2025-01-01 01:51:04,u9514,add_to_cart,i793,23.34,android
2025-01-01 01:51:11,u4914,view,i191,76.68,ios
2025-01-01 01:51:18,u6066,add_to_cart,i251,101.36,android
2025-01-01 01:51:25,u6486,click,i107,20.38,web
2025-01-01 01:51:32,u2862,click,i632,80.15,ios
2025-01-01 01:51:39,u4454,view,i122,168.25,android
2025-01-01 01:51:46,u1501,click,i970,182.68,web
2025-01-01 01:51:53,u3946,add_to_cart,i552,54.82,web
2025-01-01 01:52:00,u5139,add_to_cart,i966,72.95,ios
2025-01-01 01:52:07,u7263,view,i266,91.36,android
2025-01-01 01:52:14,u8754,add_to_cart,i380,161.71,web
2025-01-01 01:52:21,u7757,view,i448,50.0,ios
2025-01-01 01:52:28,u6385,view,i888,155.35,web
2025-01-01 01:52:35,u6613,view,i644,36.45,web
2025-01-01 01:52:42,u6139,purchase,i742,70.71,web
2025-01-01 01:52:49,u9802,view,i569,36.42,android
2025-01-01 01:52:56,u1874,click,i517,186.62,android
2025-01-01 01:53:03,u2468,click,i323,61.04,web
2025-01-01 01:53:10,u5262,purchase,i832,28.07,web
2025-01-01 01:53:17,u8176,click,i807,189.87,ios
2025-01-01 01:53:24,u7404,click,i449,55.14,web
2025-01-01 01:53:31,u2503,click,i756,55.61,android
2025-01-01 01:53:38,u3326,view,i712,18.25,ios
2025-01-01 01:53:45,u5979,view,i165,147.27,android
2025-01-01 01:53:52,u1238,view,i470,19.52,android
2025-01-01 01:53:59,u2849,purchase,i763,194.06,android
2025-01-01 01:54:06,u5480,purchase,i282,180.48,ios
2025-01-01 01:54:13,u5967,purchase,i518,140.87,web
2025-01-01 01:54:20,u8289,view,i981,186.8,ios
2025-01-01 01:54:27,u6286,click,i131,80.66,web
2025-01-01 01:54:34,u2746,click,i922,73.4,ios
2025-01-01 01:54:41,u5549,view,i965,42.04,web
2025-01-01 01:54:48,u3589,add_to_cart,i777,56.29,web
2025-01-01 01:54:55,u3353,purchase,i199,168.19,web
2025-01-01 01:55:02,u7275,add_to_cart,i767,22.34,android
2025-01-01 01:55:09,u4657,view,i166,62.7,ios
2025-01-01 01:55:16,u3131,add_to_cart,i472,110.73,web
2025-01-01 01:55:23,u3266,add_to_cart,i906,148.75,ios
2025-01-01 01:55:30,u7000,click,i635,134.32,web
2025-01-01 01:55:37,u3716,add_to_cart,i879,79.25,web
2025-01-01 01:55:44,u4669,click,i324,153.72,ios
2025-01-01 01:55:51,u4946,purchase,i369,174.58,web
2025-01-01 01:55:58,u2631,purchase,i956,77.02,ios
2025-01-01 01:56:05,u1481,purchase,i548,100.05,web
2025-01-01 01:56:12,u8535,purchase,i195,83.92,ios
2025-01-01 01:56:19,u8856,click,i336,88.04,web
2025-01-01 01:56:26,u2938,click,i169,56.89,ios
2025-01-01 01:56:33,u8686,click,i446,113.18,web
